CallFile,Year,Dialect,Site,UniqueBird,UniqueCall
2005_06_06_INOC_B10_C0.aif,2005,Nica,INOC,INOC_B1,INOC_B10_C0
2005_06_06_INOC_B10_C1.aif,2005,Nica,INOC,INOC_B1,INOC_B10_C1
2005_06_06_INOC_B10_C2.aif,2005,Nica,INOC,INOC_B1,INOC_B10_C2
2005_06_06_INOC_B10_C3.aif,2005,Nica,INOC,INOC_B1,INOC_B10_C3
2005_06_06_INOC_B10_C4.aif,2005,Nica,INOC,INOC_B1,INOC_B10_C4
2005_06_06_INOC_B10_C5.aif,2005,Nica,INOC,INOC_B1,INOC_B10_C5
2005_06_06_INOC_B1_C0.aif,2005,Nica,INOC,INOC_B1,INOC_B1_C0
2005_06_06_INOC_B1_C1.aif,2005,Nica,INOC,INOC_B1,INOC_B1_C1
2005_06_06_INOC_B1_C2.aif,2005,Nica,INOC,INOC_B1,INOC_B1_C2
2005_06_06_INOC_B1_C3.aif,2005,Nica,INOC,INOC_B1,INOC_B1_C3
2005_06_06_INOC_B1_C4.aif,2005,Nica,INOC,INOC_B1,INOC_B1_C4
2005_06_06_INOC_B1_C5.aif,2005,Nica,INOC,INOC_B1,INOC_B1_C5
2005_06_06_INOC_B1_C6.aif,2005,Nica,INOC,INOC_B1,INOC_B1_C6
2005_06_06_INOC_B1_C7.aif,2005,Nica,INOC,INOC_B1,INOC_B1_C7
2005_06_06_INOC_B1_C8.aif,2005,Nica,INOC,INOC_B1,INOC_B1_C8
2005_06_06_INOC_B1_C9.aif,2005,Nica,INOC,INOC_B1,INOC_B1_C9
2005_06_06_INOC_B2_C0.aif,2005,Nica,INOC,INOC_B2,INOC_B2_C0
2005_06_06_INOC_B2_C1.aif,2005,Nica,INOC,INOC_B2,INOC_B2_C1
2005_06_06_INOC_B2_C2.aif,2005,Nica,INOC,INOC_B2,INOC_B2_C2
2005_06_06_INOC_B2_C3.aif,2005,Nica,INOC,INOC_B2,INOC_B2_C3
2005_06_06_INOC_B2_C4.aif,2005,Nica,INOC,INOC_B2,INOC_B2_C4
2005_06_06_INOC_B2_C5.aif,2005,Nica,INOC,INOC_B2,INOC_B2_C5
2005_06_06_INOC_B2_C6.aif,2005,Nica,INOC,INOC_B2,INOC_B2_C6
2005_06_06_INOC_B2_C7.aif,2005,Nica,INOC,INOC_B2,INOC_B2_C7
2005_06_06_INOC_B2_C8.aif,2005,Nica,INOC,INOC_B2,INOC_B2_C8
2005_06_06_INOC_B2_C9.aif,2005,Nica,INOC,INOC_B2,INOC_B2_C9
2005_06_06_INOC_B5_C0.aif,2005,Nica,INOC,INOC_B5,INOC_B5_C0
2005_06_06_INOC_B5_C1.aif,2005,Nica,INOC,INOC_B5,INOC_B5_C1
2005_06_06_INOC_B5_C2.aif,2005,Nica,INOC,INOC_B5,INOC_B5_C2
2005_06_06_INOC_B5_C3.aif,2005,Nica,INOC,INOC_B5,INOC_B5_C3
2005_06_06_INOC_B5_C4.aif,2005,Nica,INOC,INOC_B5,INOC_B5_C4
2005_06_06_INOC_B5_C5.aif,2005,Nica,INOC,INOC_B5,INOC_B5_C5
2005_06_06_INOC_B5_C6.aif,2005,Nica,INOC,INOC_B5,INOC_B5_C6
2005_06_06_INOC_B5_C7.aif,2005,Nica,INOC,INOC_B5,INOC_B5_C7
2005_06_06_INOC_B5_C8.aif,2005,Nica,INOC,INOC_B5,INOC_B5_C8
2005_06_06_INOC_B5_C9.aif,2005,Nica,INOC,INOC_B5,INOC_B5_C9
2005_06_06_INOC_B9_C0.aif,2005,Nica,INOC,INOC_B9,INOC_B9_C0
2005_06_06_INOC_B9_C1.aif,2005,Nica,INOC,INOC_B9,INOC_B9_C1
2005_06_06_INOC_B9_C2.aif,2005,Nica,INOC,INOC_B9,INOC_B9_C2
2005_06_06_INOC_B9_C3.aif,2005,Nica,INOC,INOC_B9,INOC_B9_C3
2005_06_06_INOC_B9_C4.aif,2005,Nica,INOC,INOC_B9,INOC_B9_C4
2005_06_06_INOC_B9_C5.aif,2005,Nica,INOC,INOC_B9,INOC_B9_C5
2005_06_06_INOC_B9_C6.aif,2005,Nica,INOC,INOC_B9,INOC_B9_C6
2005_06_06_INOC_B9_C7.aif,2005,Nica,INOC,INOC_B9,INOC_B9_C7
2005_06_06_INOC_B9_C8.aif,2005,Nica,INOC,INOC_B9,INOC_B9_C8
2005_06_06_INOC_B9_C9.aif,2005,Nica,INOC,INOC_B9,INOC_B9_C9
2005_06_06_PARC_B10_C0.aif,2005,Nica,PARC,PARC_B1,PARC_B10_C0
2005_06_06_PARC_B10_C1.aif,2005,Nica,PARC,PARC_B1,PARC_B10_C1
2005_06_06_PARC_B10_C2.aif,2005,Nica,PARC,PARC_B1,PARC_B10_C2
2005_06_06_PARC_B10_C3.aif,2005,Nica,PARC,PARC_B1,PARC_B10_C3
2005_06_06_PARC_B10_C4.aif,2005,Nica,PARC,PARC_B1,PARC_B10_C4
2005_06_06_PARC_B10_C5.aif,2005,Nica,PARC,PARC_B1,PARC_B10_C5
2005_06_06_PARC_B10_C6.aif,2005,Nica,PARC,PARC_B1,PARC_B10_C6
2005_06_06_PARC_B10_C7.aif,2005,Nica,PARC,PARC_B1,PARC_B10_C7
2005_06_06_PARC_B10_C8.aif,2005,Nica,PARC,PARC_B1,PARC_B10_C8
2005_06_06_PARC_B11_C0.aif,2005,Nica,PARC,PARC_B1,PARC_B11_C0
2005_06_06_PARC_B11_C1.aif,2005,Nica,PARC,PARC_B1,PARC_B11_C1
2005_06_06_PARC_B11_C2.aif,2005,Nica,PARC,PARC_B1,PARC_B11_C2
2005_06_06_PARC_B11_C3.aif,2005,Nica,PARC,PARC_B1,PARC_B11_C3
2005_06_06_PARC_B11_C4.aif,2005,Nica,PARC,PARC_B1,PARC_B11_C4
2005_06_06_PARC_B11_C5.aif,2005,Nica,PARC,PARC_B1,PARC_B11_C5
2005_06_06_PARC_B11_C6.aif,2005,Nica,PARC,PARC_B1,PARC_B11_C6
2005_06_06_PARC_B12_C0.aif,2005,Nica,PARC,PARC_B1,PARC_B12_C0
2005_06_06_PARC_B12_C1.aif,2005,Nica,PARC,PARC_B1,PARC_B12_C1
2005_06_06_PARC_B12_C2.aif,2005,Nica,PARC,PARC_B1,PARC_B12_C2
2005_06_06_PARC_B12_C3.aif,2005,Nica,PARC,PARC_B1,PARC_B12_C3
2005_06_06_PARC_B12_C4.aif,2005,Nica,PARC,PARC_B1,PARC_B12_C4
2005_06_06_PARC_B12_C5.aif,2005,Nica,PARC,PARC_B1,PARC_B12_C5
2005_06_06_PARC_B12_C6.aif,2005,Nica,PARC,PARC_B1,PARC_B12_C6
2005_06_06_PARC_B12_C7.aif,2005,Nica,PARC,PARC_B1,PARC_B12_C7
2005_06_06_PARC_B12_C8.aif,2005,Nica,PARC,PARC_B1,PARC_B12_C8
2005_06_06_PARC_B12_C9.aif,2005,Nica,PARC,PARC_B1,PARC_B12_C9
2005_06_06_PARC_B1_C0.aif,2005,Nica,PARC,PARC_B1,PARC_B1_C0
2005_06_06_PARC_B1_C1.aif,2005,Nica,PARC,PARC_B1,PARC_B1_C1
2005_06_06_PARC_B1_C2.aif,2005,Nica,PARC,PARC_B1,PARC_B1_C2
2005_06_06_PARC_B1_C3.aif,2005,Nica,PARC,PARC_B1,PARC_B1_C3
2005_06_06_PARC_B1_C4.aif,2005,Nica,PARC,PARC_B1,PARC_B1_C4
2005_06_06_PARC_B1_C5.aif,2005,Nica,PARC,PARC_B1,PARC_B1_C5
2005_06_06_PARC_B1_C6.aif,2005,Nica,PARC,PARC_B1,PARC_B1_C6
2005_06_06_PARC_B1_C7.aif,2005,Nica,PARC,PARC_B1,PARC_B1_C7
2005_06_06_PARC_B1_C8.aif,2005,Nica,PARC,PARC_B1,PARC_B1_C8
2005_06_06_PARC_B1_C9.aif,2005,Nica,PARC,PARC_B1,PARC_B1_C9
2005_06_06_PARC_B2_C0.aif,2005,Nica,PARC,PARC_B2,PARC_B2_C0
2005_06_06_PARC_B2_C1.aif,2005,Nica,PARC,PARC_B2,PARC_B2_C1
2005_06_06_PARC_B2_C2.aif,2005,Nica,PARC,PARC_B2,PARC_B2_C2
2005_06_06_PARC_B2_C3.aif,2005,Nica,PARC,PARC_B2,PARC_B2_C3
2005_06_06_PARC_B2_C4.aif,2005,Nica,PARC,PARC_B2,PARC_B2_C4
2005_06_06_PARC_B2_C5.aif,2005,Nica,PARC,PARC_B2,PARC_B2_C5
2005_06_06_PARC_B2_C6.aif,2005,Nica,PARC,PARC_B2,PARC_B2_C6
2005_06_06_PARC_B2_C7.aif,2005,Nica,PARC,PARC_B2,PARC_B2_C7
2005_06_06_PARC_B2_C8.aif,2005,Nica,PARC,PARC_B2,PARC_B2_C8
2005_06_06_PARC_B2_C9.aif,2005,Nica,PARC,PARC_B2,PARC_B2_C9
2005_06_06_PARC_B3_C0.aif,2005,Nica,PARC,PARC_B3,PARC_B3_C0
2005_06_06_PARC_B3_C1.aif,2005,Nica,PARC,PARC_B3,PARC_B3_C1
2005_06_06_PARC_B3_C2.aif,2005,Nica,PARC,PARC_B3,PARC_B3_C2
2005_06_06_PARC_B3_C3.aif,2005,Nica,PARC,PARC_B3,PARC_B3_C3
2005_06_06_PARC_B3_C4.aif,2005,Nica,PARC,PARC_B3,PARC_B3_C4
2005_06_06_PARC_B3_C5.aif,2005,Nica,PARC,PARC_B3,PARC_B3_C5
2005_06_06_PARC_B3_C6.aif,2005,Nica,PARC,PARC_B3,PARC_B3_C6
2005_06_06_PARC_B3_C7.aif,2005,Nica,PARC,PARC_B3,PARC_B3_C7
2005_06_06_PARC_B3_C8.aif,2005,Nica,PARC,PARC_B3,PARC_B3_C8
2005_06_06_PARC_B3_C9.aif,2005,Nica,PARC,PARC_B3,PARC_B3_C9
2005_06_06_PARC_B5_C0.aif,2005,Nica,PARC,PARC_B5,PARC_B5_C0
2005_06_06_PARC_B5_C1.aif,2005,Nica,PARC,PARC_B5,PARC_B5_C1
2005_06_06_PARC_B5_C2.aif,2005,Nica,PARC,PARC_B5,PARC_B5_C2
2005_06_06_PARC_B5_C3.aif,2005,Nica,PARC,PARC_B5,PARC_B5_C3
2005_06_06_PARC_B5_C4.aif,2005,Nica,PARC,PARC_B5,PARC_B5_C4
2005_06_06_PARC_B5_C5.aif,2005,Nica,PARC,PARC_B5,PARC_B5_C5
2005_06_06_PARC_B5_C6.aif,2005,Nica,PARC,PARC_B5,PARC_B5_C6
2005_06_06_PARC_B5_C7.aif,2005,Nica,PARC,PARC_B5,PARC_B5_C7
2005_06_06_PARC_B5_C8.aif,2005,Nica,PARC,PARC_B5,PARC_B5_C8
2005_06_06_PARC_B5_C9.aif,2005,Nica,PARC,PARC_B5,PARC_B5_C9
2005_06_06_PARC_B6_C0.aif,2005,Nica,PARC,PARC_B6,PARC_B6_C0
2005_06_06_PARC_B6_C1.aif,2005,Nica,PARC,PARC_B6,PARC_B6_C1
2005_06_06_PARC_B6_C2.aif,2005,Nica,PARC,PARC_B6,PARC_B6_C2
2005_06_06_PARC_B6_C3.aif,2005,Nica,PARC,PARC_B6,PARC_B6_C3
2005_06_06_PARC_B6_C4.aif,2005,Nica,PARC,PARC_B6,PARC_B6_C4
2005_06_06_PARC_B6_C5.aif,2005,Nica,PARC,PARC_B6,PARC_B6_C5
2005_06_06_PARC_B6_C6.aif,2005,Nica,PARC,PARC_B6,PARC_B6_C6
2005_06_06_PARC_B6_C7.aif,2005,Nica,PARC,PARC_B6,PARC_B6_C7
2005_06_06_PARC_B6_C8.aif,2005,Nica,PARC,PARC_B6,PARC_B6_C8
2005_06_06_PARC_B6_C9.aif,2005,Nica,PARC,PARC_B6,PARC_B6_C9
2005_06_06_PARC_B8_C0.aif,2005,Nica,PARC,PARC_B8,PARC_B8_C0
2005_06_06_PARC_B8_C1.aif,2005,Nica,PARC,PARC_B8,PARC_B8_C1
2005_06_06_PARC_B8_C2.aif,2005,Nica,PARC,PARC_B8,PARC_B8_C2
2005_06_06_PARC_B8_C3.aif,2005,Nica,PARC,PARC_B8,PARC_B8_C3
2005_06_06_PARC_B8_C4.aif,2005,Nica,PARC,PARC_B8,PARC_B8_C4
2005_06_06_PARC_B8_C5.aif,2005,Nica,PARC,PARC_B8,PARC_B8_C5
2005_06_06_PARC_B8_C6.aif,2005,Nica,PARC,PARC_B8,PARC_B8_C6
2005_06_06_PARC_B8_C7.aif,2005,Nica,PARC,PARC_B8,PARC_B8_C7
2005_06_06_PARC_B8_C8.aif,2005,Nica,PARC,PARC_B8,PARC_B8_C8
2005_06_06_PARC_B8_C9.aif,2005,Nica,PARC,PARC_B8,PARC_B8_C9
2005_06_06_PARC_B9_C0.aif,2005,Nica,PARC,PARC_B9,PARC_B9_C0
2005_06_06_PARC_B9_C1.aif,2005,Nica,PARC,PARC_B9,PARC_B9_C1
2005_06_06_PARC_B9_C2.aif,2005,Nica,PARC,PARC_B9,PARC_B9_C2
2005_06_06_PARC_B9_C3.aif,2005,Nica,PARC,PARC_B9,PARC_B9_C3
2005_06_06_PARC_B9_C4.aif,2005,Nica,PARC,PARC_B9,PARC_B9_C4
2005_06_06_PARC_B9_C5.aif,2005,Nica,PARC,PARC_B9,PARC_B9_C5
2005_06_06_PARC_B9_C6.aif,2005,Nica,PARC,PARC_B9,PARC_B9_C6
2005_06_06_PARC_B9_C7.aif,2005,Nica,PARC,PARC_B9,PARC_B9_C7
2005_06_09_PEBL_B2_C0.aif,2005,Nica,PEBL,PEBL_B2,PEBL_B2_C0
2005_06_09_PEBL_B2_C1.aif,2005,Nica,PEBL,PEBL_B2,PEBL_B2_C1
2005_06_09_PEBL_B2_C2.aif,2005,Nica,PEBL,PEBL_B2,PEBL_B2_C2
2005_06_09_PEBL_B2_C3.aif,2005,Nica,PEBL,PEBL_B2,PEBL_B2_C3
2005_06_09_PEBL_B2_C4.aif,2005,Nica,PEBL,PEBL_B2,PEBL_B2_C4
2005_06_09_PEBL_B2_C5.aif,2005,Nica,PEBL,PEBL_B2,PEBL_B2_C5
2005_06_09_PEBL_B2_C6.aif,2005,Nica,PEBL,PEBL_B2,PEBL_B2_C6
2005_06_09_PEBL_B2_C7.aif,2005,Nica,PEBL,PEBL_B2,PEBL_B2_C7
2005_06_09_PEBL_B2_C8.aif,2005,Nica,PEBL,PEBL_B2,PEBL_B2_C8
2005_06_09_PEBL_B2_C9.aif,2005,Nica,PEBL,PEBL_B2,PEBL_B2_C9
2005_06_09_PEBL_B3_C0.aif,2005,Nica,PEBL,PEBL_B3,PEBL_B3_C0
2005_06_09_PEBL_B3_C1.aif,2005,Nica,PEBL,PEBL_B3,PEBL_B3_C1
2005_06_09_PEBL_B3_C2.aif,2005,Nica,PEBL,PEBL_B3,PEBL_B3_C2
2005_06_09_PEBL_B3_C3.aif,2005,Nica,PEBL,PEBL_B3,PEBL_B3_C3
2005_06_09_PEBL_B3_C4.aif,2005,Nica,PEBL,PEBL_B3,PEBL_B3_C4
2005_06_09_PEBL_B3_C5.aif,2005,Nica,PEBL,PEBL_B3,PEBL_B3_C5
2005_06_09_PEBL_B3_C6.aif,2005,Nica,PEBL,PEBL_B3,PEBL_B3_C6
2005_06_03_SARO_B1_C0.aif,2005,Nor,SARO,SARO_B1,SARO_B1_C0
2005_06_03_SARO_B1_C1.aif,2005,Nor,SARO,SARO_B1,SARO_B1_C1
2005_06_03_SARO_B1_C2.aif,2005,Nor,SARO,SARO_B1,SARO_B1_C2
2005_06_03_SARO_B1_C3.aif,2005,Nor,SARO,SARO_B1,SARO_B1_C3
2005_06_03_SARO_B1_C4.aif,2005,Nor,SARO,SARO_B1,SARO_B1_C4
2005_06_03_SARO_B1_C5.aif,2005,Nor,SARO,SARO_B1,SARO_B1_C5
2005_06_03_SARO_B1_C6.aif,2005,Nor,SARO,SARO_B1,SARO_B1_C6
2005_06_03_SARO_B1_C7.aif,2005,Nor,SARO,SARO_B1,SARO_B1_C7
2005_06_03_SARO_B1_C8.aif,2005,Nor,SARO,SARO_B1,SARO_B1_C8
2005_06_03_SARO_B1_C9.aif,2005,Nor,SARO,SARO_B1,SARO_B1_C9
2005_06_03_SARO_B2_C0.aif,2005,Nor,SARO,SARO_B2,SARO_B2_C0
2005_06_03_SARO_B2_C1.aif,2005,Nor,SARO,SARO_B2,SARO_B2_C1
2005_06_03_SARO_B2_C2.aif,2005,Nor,SARO,SARO_B2,SARO_B2_C2
2005_06_03_SARO_B2_C3.aif,2005,Nor,SARO,SARO_B2,SARO_B2_C3
2005_06_03_SARO_B2_C4.aif,2005,Nor,SARO,SARO_B2,SARO_B2_C4
2005_06_03_SARO_B2_C5.aif,2005,Nor,SARO,SARO_B2,SARO_B2_C5
2005_06_03_SARO_B2_C6.aif,2005,Nor,SARO,SARO_B2,SARO_B2_C6
2005_06_03_SARO_B2_C7.aif,2005,Nor,SARO,SARO_B2,SARO_B2_C7
2005_06_03_SARO_B2_C8.aif,2005,Nor,SARO,SARO_B2,SARO_B2_C8
2005_06_03_SARO_B2_C9.aif,2005,Nor,SARO,SARO_B2,SARO_B2_C9
2005_06_03_SARO_B3_C0.aif,2005,Nor,SARO,SARO_B3,SARO_B3_C0
2005_06_03_SARO_B3_C1.aif,2005,Nor,SARO,SARO_B3,SARO_B3_C1
2005_06_03_SARO_B3_C2.aif,2005,Nor,SARO,SARO_B3,SARO_B3_C2
2005_06_03_SARO_B3_C3.aif,2005,Nor,SARO,SARO_B3,SARO_B3_C3
2005_06_03_SARO_B3_C4.aif,2005,Nor,SARO,SARO_B3,SARO_B3_C4
2005_06_03_SARO_B3_C5.aif,2005,Nor,SARO,SARO_B3,SARO_B3_C5
2005_06_03_SARO_B3_C6.aif,2005,Nor,SARO,SARO_B3,SARO_B3_C6
2005_06_03_SARO_B3_C7.aif,2005,Nor,SARO,SARO_B3,SARO_B3_C7
2005_06_03_SARO_B3_C8.aif,2005,Nor,SARO,SARO_B3,SARO_B3_C8
2005_06_03_SARO_B3_C9.aif,2005,Nor,SARO,SARO_B3,SARO_B3_C9
2005_06_03_SARO_B4_C0.aif,2005,Nor,SARO,SARO_B4,SARO_B4_C0
2005_06_03_SARO_B4_C1.aif,2005,Nor,SARO,SARO_B4,SARO_B4_C1
2005_06_03_SARO_B4_C2.aif,2005,Nor,SARO,SARO_B4,SARO_B4_C2
2005_06_03_SARO_B4_C3.aif,2005,Nor,SARO,SARO_B4,SARO_B4_C3
2005_06_03_SARO_B4_C4.aif,2005,Nor,SARO,SARO_B4,SARO_B4_C4
2005_06_03_SARO_B4_C5.aif,2005,Nor,SARO,SARO_B4,SARO_B4_C5
2005_06_03_SARO_B4_C6.aif,2005,Nor,SARO,SARO_B4,SARO_B4_C6
2005_06_03_SARO_B4_C7.aif,2005,Nor,SARO,SARO_B4,SARO_B4_C7
2005_06_03_SARO_B4_C8.aif,2005,Nor,SARO,SARO_B4,SARO_B4_C8
2005_06_03_SARO_B4_C9.aif,2005,Nor,SARO,SARO_B4,SARO_B4_C9
2005_06_03_SARO_B5_C0.aif,2005,Nor,SARO,SARO_B5,SARO_B5_C0
2005_06_03_SARO_B5_C1.aif,2005,Nor,SARO,SARO_B5,SARO_B5_C1
2005_06_03_SARO_B5_C2.aif,2005,Nor,SARO,SARO_B5,SARO_B5_C2
2005_06_03_SARO_B5_C3.aif,2005,Nor,SARO,SARO_B5,SARO_B5_C3
2005_06_03_SARO_B5_C4.aif,2005,Nor,SARO,SARO_B5,SARO_B5_C4
2005_06_03_SARO_B5_C5.aif,2005,Nor,SARO,SARO_B5,SARO_B5_C5
2005_06_03_SARO_B5_C6.aif,2005,Nor,SARO,SARO_B5,SARO_B5_C6
2005_06_03_SARO_B5_C7.aif,2005,Nor,SARO,SARO_B5,SARO_B5_C7
2005_06_03_SARO_B5_C8.aif,2005,Nor,SARO,SARO_B5,SARO_B5_C8
2005_06_03_SARO_B5_C9.aif,2005,Nor,SARO,SARO_B5,SARO_B5_C9
2005_06_03_SARO_B6_C1.aif,2005,Nor,SARO,SARO_B6,SARO_B6_C1
2005_06_03_SARO_B6_C2.aif,2005,Nor,SARO,SARO_B6,SARO_B6_C2
2005_06_03_SARO_B6_C3.aif,2005,Nor,SARO,SARO_B6,SARO_B6_C3
2005_06_03_SARO_B7_C0.aif,2005,Nor,SARO,SARO_B7,SARO_B7_C0
2005_06_03_SARO_B7_C1.aif,2005,Nor,SARO,SARO_B7,SARO_B7_C1
2005_06_03_SARO_B7_C2.aif,2005,Nor,SARO,SARO_B7,SARO_B7_C2
2005_06_03_SARO_B7_C3.aif,2005,Nor,SARO,SARO_B7,SARO_B7_C3
2005_06_03_SARO_B7_C4.aif,2005,Nor,SARO,SARO_B7,SARO_B7_C4
2005_06_03_SARO_B7_C5.aif,2005,Nor,SARO,SARO_B7,SARO_B7_C5
2005_06_03_SARO_B7_C6.aif,2005,Nor,SARO,SARO_B7,SARO_B7_C6
2005_06_03_SARO_B7_C7.aif,2005,Nor,SARO,SARO_B7,SARO_B7_C7
2005_06_03_SARO_B7_C8.aif,2005,Nor,SARO,SARO_B7,SARO_B7_C8
2005_06_03_SARO_B7_C9.aif,2005,Nor,SARO,SARO_B7,SARO_B7_C9
2005_06_04_PEAL_B1_C1.aif,2005,Nor,PEAL,PEAL_B1,PEAL_B1_C1
2005_06_04_PEAL_B1_C2.aif,2005,Nor,PEAL,PEAL_B1,PEAL_B1_C2
2005_06_04_PEAL_B1_C3.aif,2005,Nor,PEAL,PEAL_B1,PEAL_B1_C3
2005_06_04_PEAL_B2_C1.aif,2005,Nor,PEAL,PEAL_B2,PEAL_B2_C1
2005_06_04_PEAL_B2_C2.aif,2005,Nor,PEAL,PEAL_B2,PEAL_B2_C2
2005_06_04_PEAL_B2_C3.aif,2005,Nor,PEAL,PEAL_B2,PEAL_B2_C3
2005_06_04_PEAL_B2_C4.aif,2005,Nor,PEAL,PEAL_B2,PEAL_B2_C4
2005_06_04_PEAL_B3_C1.aif,2005,Nor,PEAL,PEAL_B3,PEAL_B3_C1
2005_06_04_PEAL_B3_C2.aif,2005,Nor,PEAL,PEAL_B3,PEAL_B3_C2
2005_06_04_PEAL_B3_C3.aif,2005,Nor,PEAL,PEAL_B3,PEAL_B3_C3
2005_06_04_PEAL_B3_C4.aif,2005,Nor,PEAL,PEAL_B3,PEAL_B3_C4
2005_06_04_PEAL_B4_C1.aif,2005,Nor,PEAL,PEAL_B4,PEAL_B4_C1
2005_06_04_PEAL_B4_C2.aif,2005,Nor,PEAL,PEAL_B4,PEAL_B4_C2
2005_06_04_PEAL_B4_C3.aif,2005,Nor,PEAL,PEAL_B4,PEAL_B4_C3
2005_06_04_PEAL_B4_C4.aif,2005,Nor,PEAL,PEAL_B4,PEAL_B4_C4
2005_06_04_PEAL_B5_C1.aif,2005,Nor,PEAL,PEAL_B5,PEAL_B5_C1
2005_06_04_PEAL_B5_C2.aif,2005,Nor,PEAL,PEAL_B5,PEAL_B5_C2
2005_06_04_PEAL_B5_C3.aif,2005,Nor,PEAL,PEAL_B5,PEAL_B5_C3
2005_06_04_PEAL_B5_C4.aif,2005,Nor,PEAL,PEAL_B5,PEAL_B5_C4
2005_06_04_PEAL_B5_C5.aif,2005,Nor,PEAL,PEAL_B5,PEAL_B5_C5
2005_06_04_PEAL_B5_C6.aif,2005,Nor,PEAL,PEAL_B5,PEAL_B5_C6
2005_06_04_PEAL_B5_C7.aif,2005,Nor,PEAL,PEAL_B5,PEAL_B5_C7
2005_06_04_PEAL_B5_C8.aif,2005,Nor,PEAL,PEAL_B5,PEAL_B5_C8
2005_06_04_PEAL_B5_C9.aif,2005,Nor,PEAL,PEAL_B5,PEAL_B5_C9
2005_06_04_PEAL_B6_C1.aif,2005,Nor,PEAL,PEAL_B6,PEAL_B6_C1
2005_06_04_PEAL_B6_C2.aif,2005,Nor,PEAL,PEAL_B6,PEAL_B6_C2
2005_06_04_PEAL_B6_C3.aif,2005,Nor,PEAL,PEAL_B6,PEAL_B6_C3
2005_06_04_PEAL_B6_C4.aif,2005,Nor,PEAL,PEAL_B6,PEAL_B6_C4
2005_06_04_PEAL_B7_C0.aif,2005,Nor,PEAL,PEAL_B7,PEAL_B7_C0
2005_06_04_PEAL_B7_C1.aif,2005,Nor,PEAL,PEAL_B7,PEAL_B7_C1
2005_06_04_PEAL_B7_C2.aif,2005,Nor,PEAL,PEAL_B7,PEAL_B7_C2
2005_06_04_PEAL_B7_C3.aif,2005,Nor,PEAL,PEAL_B7,PEAL_B7_C3
2005_06_04_PEAL_B7_C4.aif,2005,Nor,PEAL,PEAL_B7,PEAL_B7_C4
2005_06_04_PEAL_B7_C5.aif,2005,Nor,PEAL,PEAL_B7,PEAL_B7_C5
2005_06_04_PEAL_B7_C6.aif,2005,Nor,PEAL,PEAL_B7,PEAL_B7_C6
2005_06_04_PEAL_B7_C7.aif,2005,Nor,PEAL,PEAL_B7,PEAL_B7_C7
2005_06_04_PEAL_B7_C8.aif,2005,Nor,PEAL,PEAL_B7,PEAL_B7_C8
2005_06_04_PEAL_B7_C9.aif,2005,Nor,PEAL,PEAL_B7,PEAL_B7_C9
2005_06_04_PEAL_B8_C0.aif,2005,Nor,PEAL,PEAL_B8,PEAL_B8_C0
2005_06_04_PEAL_B8_C1.aif,2005,Nor,PEAL,PEAL_B8,PEAL_B8_C1
2005_06_04_PEAL_B8_C2.aif,2005,Nor,PEAL,PEAL_B8,PEAL_B8_C2
2005_06_04_PEAL_B8_C3.aif,2005,Nor,PEAL,PEAL_B8,PEAL_B8_C3
2005_06_04_PEAL_B8_C4.aif,2005,Nor,PEAL,PEAL_B8,PEAL_B8_C4
2005_06_04_PEAL_B8_C5.aif,2005,Nor,PEAL,PEAL_B8,PEAL_B8_C5
2005_06_04_PEAL_B8_C6.aif,2005,Nor,PEAL,PEAL_B8,PEAL_B8_C6
2005_06_04_PEAL_B8_C7.aif,2005,Nor,PEAL,PEAL_B8,PEAL_B8_C7
2005_06_04_PEAL_B8_C8.aif,2005,Nor,PEAL,PEAL_B8,PEAL_B8_C8
2005_06_04_PEAL_B8_C9.aif,2005,Nor,PEAL,PEAL_B8,PEAL_B8_C9
2005_06_04x_PEAL_B1_C1.aif,2005,Nor,_PEA,_PEA__B1_C,_PEAL_B1_C1
2005_06_05_AHOG_B1_C0.aif,2005,Nor,AHOG,AHOG_B1,AHOG_B1_C0
2005_06_05_AHOG_B1_C1.aif,2005,Nor,AHOG,AHOG_B1,AHOG_B1_C1
2005_06_05_AHOG_B1_C2.aif,2005,Nor,AHOG,AHOG_B1,AHOG_B1_C2
2005_06_05_AHOG_B1_C3.aif,2005,Nor,AHOG,AHOG_B1,AHOG_B1_C3
2005_06_05_AHOG_B1_C4.aif,2005,Nor,AHOG,AHOG_B1,AHOG_B1_C4
2005_06_05_AHOG_B1_C5.aif,2005,Nor,AHOG,AHOG_B1,AHOG_B1_C5
2005_06_05_AHOG_B1_C6.aif,2005,Nor,AHOG,AHOG_B1,AHOG_B1_C6
2005_06_05_AHOG_B1_C7.aif,2005,Nor,AHOG,AHOG_B1,AHOG_B1_C7
2005_06_05_AHOG_B1_C8.aif,2005,Nor,AHOG,AHOG_B1,AHOG_B1_C8
2005_06_05_AHOG_B1_C9.aif,2005,Nor,AHOG,AHOG_B1,AHOG_B1_C9
2005_06_05_AHOG_B2_C0.aif,2005,Nor,AHOG,AHOG_B2,AHOG_B2_C0
2005_06_05_AHOG_B2_C1.aif,2005,Nor,AHOG,AHOG_B2,AHOG_B2_C1
2005_06_05_AHOG_B2_C2.aif,2005,Nor,AHOG,AHOG_B2,AHOG_B2_C2
2005_06_05_AHOG_B2_C4.aif,2005,Nor,AHOG,AHOG_B2,AHOG_B2_C4
2005_06_05_AHOG_B2_C5.aif,2005,Nor,AHOG,AHOG_B2,AHOG_B2_C5
2005_06_05_AHOG_B2_C6.aif,2005,Nor,AHOG,AHOG_B2,AHOG_B2_C6
2005_06_05_AHOG_B3_C0.aif,2005,Nor,AHOG,AHOG_B3,AHOG_B3_C0
2005_06_05_AHOG_B3_C1.aif,2005,Nor,AHOG,AHOG_B3,AHOG_B3_C1
2005_06_05_AHOG_B3_C2.aif,2005,Nor,AHOG,AHOG_B3,AHOG_B3_C2
2005_06_05_AHOG_B3_C4.aif,2005,Nor,AHOG,AHOG_B3,AHOG_B3_C4
2005_06_05_AHOG_B3_C5.aif,2005,Nor,AHOG,AHOG_B3,AHOG_B3_C5
2005_06_05_AHOG_B3_C6.aif,2005,Nor,AHOG,AHOG_B3,AHOG_B3_C6
2005_06_05_AHOG_B4_C0.aif,2005,Nor,AHOG,AHOG_B4,AHOG_B4_C0
2005_06_05_AHOG_B4_C1.aif,2005,Nor,AHOG,AHOG_B4,AHOG_B4_C1
2005_06_05_AHOG_B4_C2.aif,2005,Nor,AHOG,AHOG_B4,AHOG_B4_C2
2005_06_05_AHOG_B4_C3.aif,2005,Nor,AHOG,AHOG_B4,AHOG_B4_C3
2005_06_05_AHOG_B4_C4.aif,2005,Nor,AHOG,AHOG_B4,AHOG_B4_C4
2005_06_05_AHOG_B4_C5.aif,2005,Nor,AHOG,AHOG_B4,AHOG_B4_C5
2005_06_05_AHOG_B4_C6.aif,2005,Nor,AHOG,AHOG_B4,AHOG_B4_C6
2005_06_05_AHOG_B4_C7.aif,2005,Nor,AHOG,AHOG_B4,AHOG_B4_C7
2005_06_05_AHOG_B4_C8.aif,2005,Nor,AHOG,AHOG_B4,AHOG_B4_C8
2005_06_05_AHOG_B4_C9.aif,2005,Nor,AHOG,AHOG_B4,AHOG_B4_C9
2005_06_05_AHOG_B5_C0.aif,2005,Nor,AHOG,AHOG_B5,AHOG_B5_C0
2005_06_05_AHOG_B5_C1.aif,2005,Nor,AHOG,AHOG_B5,AHOG_B5_C1
2005_06_05_AHOG_B5_C2.aif,2005,Nor,AHOG,AHOG_B5,AHOG_B5_C2
2005_06_05_AHOG_B5_C3.aif,2005,Nor,AHOG,AHOG_B5,AHOG_B5_C3
2005_06_05_AHOG_B5_C4.aif,2005,Nor,AHOG,AHOG_B5,AHOG_B5_C4
2005_06_05_AHOG_B5_C5.aif,2005,Nor,AHOG,AHOG_B5,AHOG_B5_C5
2005_06_05_AHOG_B5_C6.aif,2005,Nor,AHOG,AHOG_B5,AHOG_B5_C6
2005_06_05_AHOG_B5_C7.aif,2005,Nor,AHOG,AHOG_B5,AHOG_B5_C7
2005_06_05_AHOG_B5_C8.aif,2005,Nor,AHOG,AHOG_B5,AHOG_B5_C8
2005_06_05_AHOG_B5_C9.aif,2005,Nor,AHOG,AHOG_B5,AHOG_B5_C9
2005_06_05_AHOG_B6_C0.aif,2005,Nor,AHOG,AHOG_B6,AHOG_B6_C0
2005_06_05_AHOG_B6_C1.aif,2005,Nor,AHOG,AHOG_B6,AHOG_B6_C1
2005_06_05_AHOG_B6_C3.aif,2005,Nor,AHOG,AHOG_B6,AHOG_B6_C3
2005_06_05_AHOG_B7_C0.aif,2005,Nor,AHOG,AHOG_B7,AHOG_B7_C0
2005_06_05_AHOG_B7_C1.aif,2005,Nor,AHOG,AHOG_B7,AHOG_B7_C1
2005_06_05_AHOG_B7_C2.aif,2005,Nor,AHOG,AHOG_B7,AHOG_B7_C2
2005_06_05_AHOG_B7_C3.aif,2005,Nor,AHOG,AHOG_B7,AHOG_B7_C3
2005_06_05_AHOG_B8_C0.aif,2005,Nor,AHOG,AHOG_B8,AHOG_B8_C0
2005_06_05_AHOG_B8_C1.aif,2005,Nor,AHOG,AHOG_B8,AHOG_B8_C1
2005_06_05_AHOG_B8_C2.aif,2005,Nor,AHOG,AHOG_B8,AHOG_B8_C2
2005_06_05_AHOG_B9_C0.aif,2005,Nor,AHOG,AHOG_B9,AHOG_B9_C0
2005_06_05_AHOG_B9_C1.aif,2005,Nor,AHOG,AHOG_B9,AHOG_B9_C1
2005_06_05_AHOG_B9_C2.aif,2005,Nor,AHOG,AHOG_B9,AHOG_B9_C2
2005_06_05_AHOG_B9_C3.aif,2005,Nor,AHOG,AHOG_B9,AHOG_B9_C3
2005_06_05_AHOG_B9_C4.aif,2005,Nor,AHOG,AHOG_B9,AHOG_B9_C4
2005_06_05_AHOG_B9_C5.aif,2005,Nor,AHOG,AHOG_B9,AHOG_B9_C5
2005_06_05_AHOG_B9_C6.aif,2005,Nor,AHOG,AHOG_B9,AHOG_B9_C6
2005_06_05_AHOG_B9_C7.aif,2005,Nor,AHOG,AHOG_B9,AHOG_B9_C7
2005_06_05_AHOG_B9_C8.aif,2005,Nor,AHOG,AHOG_B9,AHOG_B9_C8
2005_06_05_AHOG_B9_C9.aif,2005,Nor,AHOG,AHOG_B9,AHOG_B9_C9
2005_06_06_JUNQ_B1_C1.aif,2005,Nor,JUNQ,JUNQ_B1,JUNQ_B1_C1
2005_06_06_JUNQ_B1_C2.aif,2005,Nor,JUNQ,JUNQ_B1,JUNQ_B1_C2
2005_06_06_JUNQ_B1_C3.aif,2005,Nor,JUNQ,JUNQ_B1,JUNQ_B1_C3
2005_06_06_JUNQ_B1_C4.aif,2005,Nor,JUNQ,JUNQ_B1,JUNQ_B1_C4
2005_06_06_JUNQ_B1_C5.aif,2005,Nor,JUNQ,JUNQ_B1,JUNQ_B1_C5
2005_06_06_JUNQ_B1_C6.aif,2005,Nor,JUNQ,JUNQ_B1,JUNQ_B1_C6
2005_06_06_JUNQ_B1_C7.aif,2005,Nor,JUNQ,JUNQ_B1,JUNQ_B1_C7
2005_06_06_JUNQ_B1_C8.aif,2005,Nor,JUNQ,JUNQ_B1,JUNQ_B1_C8
2005_06_06_JUNQ_B1_C9.aif,2005,Nor,JUNQ,JUNQ_B1,JUNQ_B1_C9
2005_06_06_JUNQ_B2_C0.aif,2005,Nor,JUNQ,JUNQ_B2,JUNQ_B2_C0
2005_06_06_JUNQ_B2_C1.aif,2005,Nor,JUNQ,JUNQ_B2,JUNQ_B2_C1
2005_06_06_JUNQ_B2_C2.aif,2005,Nor,JUNQ,JUNQ_B2,JUNQ_B2_C2
2005_06_06_JUNQ_B2_C3.aif,2005,Nor,JUNQ,JUNQ_B2,JUNQ_B2_C3
2005_06_06_JUNQ_B2_C4.aif,2005,Nor,JUNQ,JUNQ_B2,JUNQ_B2_C4
2005_06_06_JUNQ_B2_C5.aif,2005,Nor,JUNQ,JUNQ_B2,JUNQ_B2_C5
2005_06_06_JUNQ_B2_C6.aif,2005,Nor,JUNQ,JUNQ_B2,JUNQ_B2_C6
2005_06_06_JUNQ_B2_C7.aif,2005,Nor,JUNQ,JUNQ_B2,JUNQ_B2_C7
2005_06_06_JUNQ_B2_C8.aif,2005,Nor,JUNQ,JUNQ_B2,JUNQ_B2_C8
2005_06_06_JUNQ_B2_C9.aif,2005,Nor,JUNQ,JUNQ_B2,JUNQ_B2_C9
2005_06_06_JUNQ_B3_C0.aif,2005,Nor,JUNQ,JUNQ_B3,JUNQ_B3_C0
2005_06_06_JUNQ_B3_C1.aif,2005,Nor,JUNQ,JUNQ_B3,JUNQ_B3_C1
2005_06_06_JUNQ_B3_C2.aif,2005,Nor,JUNQ,JUNQ_B3,JUNQ_B3_C2
2005_06_06_JUNQ_B3_C3.aif,2005,Nor,JUNQ,JUNQ_B3,JUNQ_B3_C3
2005_06_06_JUNQ_B3_C4.aif,2005,Nor,JUNQ,JUNQ_B3,JUNQ_B3_C4
2005_06_06_JUNQ_B3_C5.aif,2005,Nor,JUNQ,JUNQ_B3,JUNQ_B3_C5
2005_06_06_JUNQ_B3_C6.aif,2005,Nor,JUNQ,JUNQ_B3,JUNQ_B3_C6
2005_06_06_JUNQ_B3_C7.aif,2005,Nor,JUNQ,JUNQ_B3,JUNQ_B3_C7
2005_06_06_JUNQ_B3_C8.aif,2005,Nor,JUNQ,JUNQ_B3,JUNQ_B3_C8
2005_06_06_JUNQ_B3_C9.aif,2005,Nor,JUNQ,JUNQ_B3,JUNQ_B3_C9
2005_06_06_JUNQ_B4_C0.aif,2005,Nor,JUNQ,JUNQ_B4,JUNQ_B4_C0
2005_06_06_JUNQ_B4_C1.aif,2005,Nor,JUNQ,JUNQ_B4,JUNQ_B4_C1
2005_06_06_JUNQ_B4_C2.aif,2005,Nor,JUNQ,JUNQ_B4,JUNQ_B4_C2
2005_06_06_JUNQ_B4_C3.aif,2005,Nor,JUNQ,JUNQ_B4,JUNQ_B4_C3
2005_06_06_JUNQ_B4_C4.aif,2005,Nor,JUNQ,JUNQ_B4,JUNQ_B4_C4
2005_06_06_JUNQ_B4_C5.aif,2005,Nor,JUNQ,JUNQ_B4,JUNQ_B4_C5
2005_06_06_JUNQ_B4_C6.aif,2005,Nor,JUNQ,JUNQ_B4,JUNQ_B4_C6
2005_06_06_JUNQ_B4_C7.aif,2005,Nor,JUNQ,JUNQ_B4,JUNQ_B4_C7
2005_06_06_JUNQ_B4_C8.aif,2005,Nor,JUNQ,JUNQ_B4,JUNQ_B4_C8
2005_06_06_JUNQ_B4_C9.aif,2005,Nor,JUNQ,JUNQ_B4,JUNQ_B4_C9
2005_06_06_JUNQ_B5_C0.aif,2005,Nor,JUNQ,JUNQ_B5,JUNQ_B5_C0
2005_06_06_JUNQ_B5_C1.aif,2005,Nor,JUNQ,JUNQ_B5,JUNQ_B5_C1
2005_06_06_JUNQ_B5_C2.aif,2005,Nor,JUNQ,JUNQ_B5,JUNQ_B5_C2
2005_06_06_JUNQ_B5_C3.aif,2005,Nor,JUNQ,JUNQ_B5,JUNQ_B5_C3
2005_06_06_JUNQ_B5_C4.aif,2005,Nor,JUNQ,JUNQ_B5,JUNQ_B5_C4
2005_06_06_JUNQ_B5_C5.aif,2005,Nor,JUNQ,JUNQ_B5,JUNQ_B5_C5
2005_06_06_JUNQ_B5_C6.aif,2005,Nor,JUNQ,JUNQ_B5,JUNQ_B5_C6
2005_06_06_JUNQ_B5_C7.aif,2005,Nor,JUNQ,JUNQ_B5,JUNQ_B5_C7
2005_06_06_JUNQ_B5_C8.aif,2005,Nor,JUNQ,JUNQ_B5,JUNQ_B5_C8
2005_06_06_JUNQ_B5_C9.aif,2005,Nor,JUNQ,JUNQ_B5,JUNQ_B5_C9
2005_06_06_JUNQ_B6_C0.aif,2005,Nor,JUNQ,JUNQ_B6,JUNQ_B6_C0
2005_06_06_JUNQ_B6_C1.aif,2005,Nor,JUNQ,JUNQ_B6,JUNQ_B6_C1
2005_06_06_JUNQ_B6_C2.aif,2005,Nor,JUNQ,JUNQ_B6,JUNQ_B6_C2
2005_06_06_JUNQ_B6_C3.aif,2005,Nor,JUNQ,JUNQ_B6,JUNQ_B6_C3
2005_06_06_JUNQ_B6_C4.aif,2005,Nor,JUNQ,JUNQ_B6,JUNQ_B6_C4
2005_06_06_JUNQ_B6_C5.aif,2005,Nor,JUNQ,JUNQ_B6,JUNQ_B6_C5
2005_06_06_JUNQ_B6_C6.aif,2005,Nor,JUNQ,JUNQ_B6,JUNQ_B6_C6
2005_06_06_JUNQ_B6_C7.aif,2005,Nor,JUNQ,JUNQ_B6,JUNQ_B6_C7
2005_06_06_JUNQ_B6_C8.aif,2005,Nor,JUNQ,JUNQ_B6,JUNQ_B6_C8
2005_06_06_JUNQ_B6_C9.aif,2005,Nor,JUNQ,JUNQ_B6,JUNQ_B6_C9
2005_06_09_MURC_B1_C0.aif,2005,Nor,MURC,MURC_B1,MURC_B1_C0
2005_06_09_MURC_B1_C1.aif,2005,Nor,MURC,MURC_B1,MURC_B1_C1
2005_06_09_MURC_B1_C2.aif,2005,Nor,MURC,MURC_B1,MURC_B1_C2
2005_06_09_MURC_B1_C3.aif,2005,Nor,MURC,MURC_B1,MURC_B1_C3
2005_06_09_MURC_B1_C4.aif,2005,Nor,MURC,MURC_B1,MURC_B1_C4
2005_06_09_MURC_B1_C5.aif,2005,Nor,MURC,MURC_B1,MURC_B1_C5
2005_06_09_MURC_B1_C6.aif,2005,Nor,MURC,MURC_B1,MURC_B1_C6
2005_06_09_MURC_B1_C7.aif,2005,Nor,MURC,MURC_B1,MURC_B1_C7
2005_06_09_MURC_B1_C8.aif,2005,Nor,MURC,MURC_B1,MURC_B1_C8
2005_06_09_MURC_B1_C9.aif,2005,Nor,MURC,MURC_B1,MURC_B1_C9
2005_06_09_MURC_B2_C0.aif,2005,Nor,MURC,MURC_B2,MURC_B2_C0
2005_06_09_MURC_B2_C1.aif,2005,Nor,MURC,MURC_B2,MURC_B2_C1
2005_06_09_MURC_B2_C2.aif,2005,Nor,MURC,MURC_B2,MURC_B2_C2
2005_06_09_MURC_B2_C3.aif,2005,Nor,MURC,MURC_B2,MURC_B2_C3
2005_06_09_MURC_B2_C4.aif,2005,Nor,MURC,MURC_B2,MURC_B2_C4
2005_06_09_MURC_B2_C5.aif,2005,Nor,MURC,MURC_B2,MURC_B2_C5
2005_06_09_MURC_B2_C6.aif,2005,Nor,MURC,MURC_B2,MURC_B2_C6
2005_06_09_MURC_B2_C7.aif,2005,Nor,MURC,MURC_B2,MURC_B2_C7
2005_06_09_MURC_B2_C8.aif,2005,Nor,MURC,MURC_B2,MURC_B2_C8
2005_06_09_MURC_B2_C9.aif,2005,Nor,MURC,MURC_B2,MURC_B2_C9
2005_06_09_MURC_B3_C0.aif,2005,Nor,MURC,MURC_B3,MURC_B3_C0
2005_06_09_MURC_B3_C1.aif,2005,Nor,MURC,MURC_B3,MURC_B3_C1
2005_06_09_MURC_B3_C2.aif,2005,Nor,MURC,MURC_B3,MURC_B3_C2
2005_06_09_MURC_B3_C3.aif,2005,Nor,MURC,MURC_B3,MURC_B3_C3
2005_06_09_MURC_B3_C4.aif,2005,Nor,MURC,MURC_B3,MURC_B3_C4
2005_06_09_MURC_B3_C5.aif,2005,Nor,MURC,MURC_B3,MURC_B3_C5
2005_06_09_MURC_B3_C6.aif,2005,Nor,MURC,MURC_B3,MURC_B3_C6
2005_06_09_MURC_B3_C7.aif,2005,Nor,MURC,MURC_B3,MURC_B3_C7
2005_06_09_MURC_B3_C8.aif,2005,Nor,MURC,MURC_B3,MURC_B3_C8
2005_06_09_MURC_B3_C9.aif,2005,Nor,MURC,MURC_B3,MURC_B3_C9
2005_06_09_MURC_B6_C1.aif,2005,Nor,MURC,MURC_B6,MURC_B6_C1
2005_06_09_MURC_B6_C2.aif,2005,Nor,MURC,MURC_B6,MURC_B6_C2
2005_06_09_MURC_B6_C3.aif,2005,Nor,MURC,MURC_B6,MURC_B6_C3
2005_06_09_MURC_B6_C4.aif,2005,Nor,MURC,MURC_B6,MURC_B6_C4
2005_06_09_MURC_B6_C5.aif,2005,Nor,MURC,MURC_B6,MURC_B6_C5
2005_06_09_MURC_B6_C6.aif,2005,Nor,MURC,MURC_B6,MURC_B6_C6
2005_06_09_MURC_B6_C7.aif,2005,Nor,MURC,MURC_B6,MURC_B6_C7
2005_06_09_MURC_B6_C8.aif,2005,Nor,MURC,MURC_B6,MURC_B6_C8
2005_06_09_MURC_B6_C9.aif,2005,Nor,MURC,MURC_B6,MURC_B6_C9
2005_06_09_MURC_B7_C0.aif,2005,Nor,MURC,MURC_B7,MURC_B7_C0
2005_06_09_MURC_B7_C1.aif,2005,Nor,MURC,MURC_B7,MURC_B7_C1
2005_06_09_MURC_B7_C2.aif,2005,Nor,MURC,MURC_B7,MURC_B7_C2
2005_06_09_MURC_B7_C3.aif,2005,Nor,MURC,MURC_B7,MURC_B7_C3
2005_06_09_MURC_B7_C4.aif,2005,Nor,MURC,MURC_B7,MURC_B7_C4
2005_06_09_MURC_B7_C5.aif,2005,Nor,MURC,MURC_B7,MURC_B7_C5
2005_06_10_MURC_B4_C1.aif,2005,Nor,MURC,MURC_B4,MURC_B4_C1
2005_06_10_MURC_B4_C2.aif,2005,Nor,MURC,MURC_B4,MURC_B4_C2
2005_06_10_MURC_B4_C3.aif,2005,Nor,MURC,MURC_B4,MURC_B4_C3
2005_06_10_MURC_B4_C4.aif,2005,Nor,MURC,MURC_B4,MURC_B4_C4
2005_06_10_MURC_B4_C5.aif,2005,Nor,MURC,MURC_B4,MURC_B4_C5
2005_06_10_MURC_B5_C0.aif,2005,Nor,MURC,MURC_B5,MURC_B5_C0
2005_06_10_MURC_B5_C1.aif,2005,Nor,MURC,MURC_B5,MURC_B5_C1
2005_06_10_MURC_B5_C2.aif,2005,Nor,MURC,MURC_B5,MURC_B5_C2
2005_06_10_MURC_B5_C3.aif,2005,Nor,MURC,MURC_B5,MURC_B5_C3
2005_06_10_MURC_B5_C4.aif,2005,Nor,MURC,MURC_B5,MURC_B5_C4
2005_06_10_MURC_B5_C5.aif,2005,Nor,MURC,MURC_B5,MURC_B5_C5
2005_06_10_MURC_B5_C6.aif,2005,Nor,MURC,MURC_B5,MURC_B5_C6
2005_06_10_MURC_B5_C7.aif,2005,Nor,MURC,MURC_B5,MURC_B5_C7
2005_06_10_MURC_B5_C8.aif,2005,Nor,MURC,MURC_B5,MURC_B5_C8
2005_06_10_MURC_B5_C9.aif,2005,Nor,MURC,MURC_B5,MURC_B5_C9
2005_06_10_MURC_B6_C0.aif,2005,Nor,MURC,MURC_B6,MURC_B6_C0
2005_06_11_HORI_B1_C0.aif,2005,Nor,HORI,HORI_B1,HORI_B1_C0
2005_06_11_HORI_B1_C1.aif,2005,Nor,HORI,HORI_B1,HORI_B1_C1
2005_06_11_HORI_B1_C2.aif,2005,Nor,HORI,HORI_B1,HORI_B1_C2
2005_06_11_HORI_B1_C3.aif,2005,Nor,HORI,HORI_B1,HORI_B1_C3
2005_06_11_HORI_B1_C4.aif,2005,Nor,HORI,HORI_B1,HORI_B1_C4
2005_06_11_HORI_B1_C5.aif,2005,Nor,HORI,HORI_B1,HORI_B1_C5
2005_06_11_HORI_B1_C6.aif,2005,Nor,HORI,HORI_B1,HORI_B1_C6
2005_06_11_HORI_B1_C7.aif,2005,Nor,HORI,HORI_B1,HORI_B1_C7
2005_06_11_HORI_B1_C8.aif,2005,Nor,HORI,HORI_B1,HORI_B1_C8
2005_06_11_HORI_B1_C9.aif,2005,Nor,HORI,HORI_B1,HORI_B1_C9
2005_06_11_HORI_B2_C0.aif,2005,Nor,HORI,HORI_B2,HORI_B2_C0
2005_06_11_HORI_B2_C1.aif,2005,Nor,HORI,HORI_B2,HORI_B2_C1
2005_06_11_HORI_B2_C2.aif,2005,Nor,HORI,HORI_B2,HORI_B2_C2
2005_06_11_HORI_B2_C3.aif,2005,Nor,HORI,HORI_B2,HORI_B2_C3
2005_06_11_HORI_B2_C4.aif,2005,Nor,HORI,HORI_B2,HORI_B2_C4
2005_06_11_HORI_B2_C5.aif,2005,Nor,HORI,HORI_B2,HORI_B2_C5
2005_06_11_HORI_B2_C6.aif,2005,Nor,HORI,HORI_B2,HORI_B2_C6
2005_06_11_HORI_B2_C7.aif,2005,Nor,HORI,HORI_B2,HORI_B2_C7
2005_06_11_HORI_B2_C8.aif,2005,Nor,HORI,HORI_B2,HORI_B2_C8
2005_06_11_HORI_B2_C9.aif,2005,Nor,HORI,HORI_B2,HORI_B2_C9
2005_06_11_HORI_B3_C0.aif,2005,Nor,HORI,HORI_B3,HORI_B3_C0
2005_06_11_HORI_B3_C1.aif,2005,Nor,HORI,HORI_B3,HORI_B3_C1
2005_06_11_HORI_B3_C2.aif,2005,Nor,HORI,HORI_B3,HORI_B3_C2
2005_06_11_HORI_B3_C3.aif,2005,Nor,HORI,HORI_B3,HORI_B3_C3
2005_06_11_HORI_B3_C4.aif,2005,Nor,HORI,HORI_B3,HORI_B3_C4
2005_06_11_HORI_B3_C5.aif,2005,Nor,HORI,HORI_B3,HORI_B3_C5
2005_06_11_HORI_B3_C6.aif,2005,Nor,HORI,HORI_B3,HORI_B3_C6
2005_06_11_HORI_B3_C7.aif,2005,Nor,HORI,HORI_B3,HORI_B3_C7
2005_06_11_HORI_B3_C8.aif,2005,Nor,HORI,HORI_B3,HORI_B3_C8
2005_06_11_HORI_B3_C9.aif,2005,Nor,HORI,HORI_B3,HORI_B3_C9
2005_06_11_HORI_B4_C0.aif,2005,Nor,HORI,HORI_B4,HORI_B4_C0
2005_06_11_HORI_B4_C1.aif,2005,Nor,HORI,HORI_B4,HORI_B4_C1
2005_06_11_HORI_B4_C2.aif,2005,Nor,HORI,HORI_B4,HORI_B4_C2
2005_06_11_HORI_B4_C3.aif,2005,Nor,HORI,HORI_B4,HORI_B4_C3
2005_06_11_HORI_B4_C4.aif,2005,Nor,HORI,HORI_B4,HORI_B4_C4
2005_06_11_HORI_B4_C5.aif,2005,Nor,HORI,HORI_B4,HORI_B4_C5
2005_06_11_HORI_B4_C6.aif,2005,Nor,HORI,HORI_B4,HORI_B4_C6
2005_06_11_HORI_B4_C7.aif,2005,Nor,HORI,HORI_B4,HORI_B4_C7
2005_06_11_HORI_B4_C8.aif,2005,Nor,HORI,HORI_B4,HORI_B4_C8
2005_06_11_HORI_B4_C9.aif,2005,Nor,HORI,HORI_B4,HORI_B4_C9
2005_06_11_HORI_B5_C1.aif,2005,Nor,HORI,HORI_B5,HORI_B5_C1
2005_06_11_HORI_B5_C2.aif,2005,Nor,HORI,HORI_B5,HORI_B5_C2
2005_06_11_HORI_B5_C3.aif,2005,Nor,HORI,HORI_B5,HORI_B5_C3
2005_06_11_HORI_B5_C4.aif,2005,Nor,HORI,HORI_B5,HORI_B5_C4
2005_06_11_HORI_B5_C5.aif,2005,Nor,HORI,HORI_B5,HORI_B5_C5
2005_06_11_HORI_B5_C6.aif,2005,Nor,HORI,HORI_B5,HORI_B5_C6
2005_06_11_HORI_B5_C7.aif,2005,Nor,HORI,HORI_B5,HORI_B5_C7
2005_06_11_HORI_B5_C8.aif,2005,Nor,HORI,HORI_B5,HORI_B5_C8
2005_06_11_HORI_B5_C9.aif,2005,Nor,HORI,HORI_B5,HORI_B5_C9
2005_06_11_HORI_B6_C0.aif,2005,Nor,HORI,HORI_B6,HORI_B6_C0
2005_06_11_HORI_B6_C1.aif,2005,Nor,HORI,HORI_B6,HORI_B6_C1
2005_06_11_HORI_B6_C2.aif,2005,Nor,HORI,HORI_B6,HORI_B6_C2
2005_06_11_HORI_B6_C3.aif,2005,Nor,HORI,HORI_B6,HORI_B6_C3
2005_06_11_HORI_B6_C4.aif,2005,Nor,HORI,HORI_B6,HORI_B6_C4
2005_06_11_HORI_B6_C5.aif,2005,Nor,HORI,HORI_B6,HORI_B6_C5
2005_06_11_HORI_B6_C6.aif,2005,Nor,HORI,HORI_B6,HORI_B6_C6
2005_06_11_HORI_B6_C7.aif,2005,Nor,HORI,HORI_B6,HORI_B6_C7
2005_06_11_HORI_B6_C8.aif,2005,Nor,HORI,HORI_B6,HORI_B6_C8
2005_06_11_HORI_B6_C9.aif,2005,Nor,HORI,HORI_B6,HORI_B6_C9
2005_06_13_CABU_B1_C0.aif,2005,Nor,CABU,CABU_B1,CABU_B1_C0
2005_06_13_CABU_B1_C1.aif,2005,Nor,CABU,CABU_B1,CABU_B1_C1
2005_06_13_CABU_B1_C2.aif,2005,Nor,CABU,CABU_B1,CABU_B1_C2
2005_06_13_CABU_B1_C3.aif,2005,Nor,CABU,CABU_B1,CABU_B1_C3
2005_06_13_CABU_B1_C4.aif,2005,Nor,CABU,CABU_B1,CABU_B1_C4
2005_06_13_CABU_B1_C5.aif,2005,Nor,CABU,CABU_B1,CABU_B1_C5
2005_06_13_CABU_B1_C6.aif,2005,Nor,CABU,CABU_B1,CABU_B1_C6
2005_06_13_CABU_B1_C7.aif,2005,Nor,CABU,CABU_B1,CABU_B1_C7
2005_06_13_CABU_B1_C8.aif,2005,Nor,CABU,CABU_B1,CABU_B1_C8
2005_06_13_CABU_B1_C9.aif,2005,Nor,CABU,CABU_B1,CABU_B1_C9
2005_06_13_CABU_B2_C1.aif,2005,Nor,CABU,CABU_B2,CABU_B2_C1
2005_06_13_CABU_B2_C2.aif,2005,Nor,CABU,CABU_B2,CABU_B2_C2
2005_06_13_CABU_B2_C3.aif,2005,Nor,CABU,CABU_B2,CABU_B2_C3
2005_06_13_CABU_B2_C4.aif,2005,Nor,CABU,CABU_B2,CABU_B2_C4
2005_06_13_CABU_B2_C5.aif,2005,Nor,CABU,CABU_B2,CABU_B2_C5
2005_06_13_CABU_B2_C6.aif,2005,Nor,CABU,CABU_B2,CABU_B2_C6
2005_06_13_CABU_B2_C7.aif,2005,Nor,CABU,CABU_B2,CABU_B2_C7
2005_06_13_CABU_B3_C1.aif,2005,Nor,CABU,CABU_B3,CABU_B3_C1
2005_06_13_CABU_B3_C2.aif,2005,Nor,CABU,CABU_B3,CABU_B3_C2
2005_06_13_CABU_B3_C3.aif,2005,Nor,CABU,CABU_B3,CABU_B3_C3
2005_06_13_CABU_B3_C4.aif,2005,Nor,CABU,CABU_B3,CABU_B3_C4
2005_06_13_CABU_B3_C5.aif,2005,Nor,CABU,CABU_B3,CABU_B3_C5
2005_06_13_CABU_B3_C6.aif,2005,Nor,CABU,CABU_B3,CABU_B3_C6
2005_06_13_CABU_B3_C7.aif,2005,Nor,CABU,CABU_B3,CABU_B3_C7
2005_06_13_CABU_B3_C8.aif,2005,Nor,CABU,CABU_B3,CABU_B3_C8
2005_06_13_CABU_B3_C9.aif,2005,Nor,CABU,CABU_B3,CABU_B3_C9
2005_06_13_CABU_B4_C1.aif,2005,Nor,CABU,CABU_B4,CABU_B4_C1
2005_06_13_CABU_B4_C2.aif,2005,Nor,CABU,CABU_B4,CABU_B4_C2
2005_06_13_CABU_B4_C3.aif,2005,Nor,CABU,CABU_B4,CABU_B4_C3
2005_06_13_CABU_B4_C4.aif,2005,Nor,CABU,CABU_B4,CABU_B4_C4
2005_06_13_CABU_B4_C5.aif,2005,Nor,CABU,CABU_B4,CABU_B4_C5
2005_06_13_CABU_B4_C6.aif,2005,Nor,CABU,CABU_B4,CABU_B4_C6
2005_06_13_CABU_B4_C7.aif,2005,Nor,CABU,CABU_B4,CABU_B4_C7
2005_06_13_CABU_B4_C8.aif,2005,Nor,CABU,CABU_B4,CABU_B4_C8
2005_06_13_CABU_B4_C9.aif,2005,Nor,CABU,CABU_B4,CABU_B4_C9
2005_06_13_CABU_B5_C0.aif,2005,Nor,CABU,CABU_B5,CABU_B5_C0
2005_06_13_CABU_B5_C1.aif,2005,Nor,CABU,CABU_B5,CABU_B5_C1
2005_06_13_CABU_B5_C2.aif,2005,Nor,CABU,CABU_B5,CABU_B5_C2
2005_06_13_CABU_B5_C3.aif,2005,Nor,CABU,CABU_B5,CABU_B5_C3
2005_06_13_CABU_B5_C4.aif,2005,Nor,CABU,CABU_B5,CABU_B5_C4
2005_06_13_CABU_B5_C5.aif,2005,Nor,CABU,CABU_B5,CABU_B5_C5
2005_06_13_CABU_B5_C6.aif,2005,Nor,CABU,CABU_B5,CABU_B5_C6
2005_06_13_CABU_B5_C7.aif,2005,Nor,CABU,CABU_B5,CABU_B5_C7
2005_06_13_CABU_B5_C8.aif,2005,Nor,CABU,CABU_B5,CABU_B5_C8
2005_06_13_CABU_B5_C9.aif,2005,Nor,CABU,CABU_B5,CABU_B5_C9
2005_06_13_CABU_B6_C0.aif,2005,Nor,CABU,CABU_B6,CABU_B6_C0
2005_06_13_CABU_B6_C1.aif,2005,Nor,CABU,CABU_B6,CABU_B6_C1
2005_06_13_CABU_B6_C2.aif,2005,Nor,CABU,CABU_B6,CABU_B6_C2
2005_06_13_CABU_B6_C3.aif,2005,Nor,CABU,CABU_B6,CABU_B6_C3
2005_06_13_CABU_B6_C4.aif,2005,Nor,CABU,CABU_B6,CABU_B6_C4
2005_06_13_CABU_B6_C5.aif,2005,Nor,CABU,CABU_B6,CABU_B6_C5
2005_06_13_CABU_B7_C0.aif,2005,Nor,CABU,CABU_B7,CABU_B7_C0
2005_06_13_CABU_B7_C1.aif,2005,Nor,CABU,CABU_B7,CABU_B7_C1
2005_06_13_CABU_B7_C2.aif,2005,Nor,CABU,CABU_B7,CABU_B7_C2
2005_06_13_CABU_B7_C3.aif,2005,Nor,CABU,CABU_B7,CABU_B7_C3
2005_06_13_CABU_B7_C4.aif,2005,Nor,CABU,CABU_B7,CABU_B7_C4
2005_06_13_CABU_B7_C5.aif,2005,Nor,CABU,CABU_B7,CABU_B7_C5
2005_06_13_CABU_B7_C6.aif,2005,Nor,CABU,CABU_B7,CABU_B7_C6
2005_06_13_CABU_B7_C7.aif,2005,Nor,CABU,CABU_B7,CABU_B7_C7
2005_06_13_CABU_B7_C8.aif,2005,Nor,CABU,CABU_B7,CABU_B7_C8
2005_06_13_CABU_B7_C9.aif,2005,Nor,CABU,CABU_B7,CABU_B7_C9
2005_06_06_INOC_B11_C0.aif,2005,Nor,INOC,INOC_B1,INOC_B11_C0
2005_06_06_INOC_B11_C1.aif,2005,Nor,INOC,INOC_B1,INOC_B11_C1
2005_06_06_INOC_B11_C2.aif,2005,Nor,INOC,INOC_B1,INOC_B11_C2
2005_06_06_INOC_B11_C3.aif,2005,Nor,INOC,INOC_B1,INOC_B11_C3
2005_06_06_INOC_B11_C4.aif,2005,Nor,INOC,INOC_B1,INOC_B11_C4
2005_06_06_INOC_B11_C5.aif,2005,Nor,INOC,INOC_B1,INOC_B11_C5
2005_06_06_INOC_B11_C6.aif,2005,Nor,INOC,INOC_B1,INOC_B11_C6
2005_06_06_INOC_B11_C7.aif,2005,Nor,INOC,INOC_B1,INOC_B11_C7
2005_06_06_INOC_B11_C8.aif,2005,Nor,INOC,INOC_B1,INOC_B11_C8
2005_06_06_INOC_B11_C9.aif,2005,Nor,INOC,INOC_B1,INOC_B11_C9
2005_06_06_INOC_B12_C0.aif,2005,Nor,INOC,INOC_B1,INOC_B12_C0
2005_06_06_INOC_B12_C1.aif,2005,Nor,INOC,INOC_B1,INOC_B12_C1
2005_06_06_INOC_B12_C2.aif,2005,Nor,INOC,INOC_B1,INOC_B12_C2
2005_06_06_INOC_B12_C3.aif,2005,Nor,INOC,INOC_B1,INOC_B12_C3
2005_06_06_INOC_B12_C4.aif,2005,Nor,INOC,INOC_B1,INOC_B12_C4
2005_06_06_INOC_B12_C5.aif,2005,Nor,INOC,INOC_B1,INOC_B12_C5
2005_06_06_INOC_B12_C6.aif,2005,Nor,INOC,INOC_B1,INOC_B12_C6
2005_06_06_INOC_B12_C7.aif,2005,Nor,INOC,INOC_B1,INOC_B12_C7
2005_06_06_INOC_B12_C8.aif,2005,Nor,INOC,INOC_B1,INOC_B12_C8
2005_06_06_INOC_B12_C9.aif,2005,Nor,INOC,INOC_B1,INOC_B12_C9
2005_06_06_INOC_B3_C1.aif,2005,Nor,INOC,INOC_B3,INOC_B3_C1
2005_06_06_INOC_B3_C2.aif,2005,Nor,INOC,INOC_B3,INOC_B3_C2
2005_06_06_INOC_B3_C3.aif,2005,Nor,INOC,INOC_B3,INOC_B3_C3
2005_06_06_INOC_B3_C4.aif,2005,Nor,INOC,INOC_B3,INOC_B3_C4
2005_06_06_INOC_B3_C5.aif,2005,Nor,INOC,INOC_B3,INOC_B3_C5
2005_06_06_INOC_B3_C6.aif,2005,Nor,INOC,INOC_B3,INOC_B3_C6
2005_06_06_INOC_B3_C7.aif,2005,Nor,INOC,INOC_B3,INOC_B3_C7
2005_06_06_INOC_B3_C8.aif,2005,Nor,INOC,INOC_B3,INOC_B3_C8
2005_06_06_INOC_B4_C0.aif,2005,Nor,INOC,INOC_B4,INOC_B4_C0
2005_06_06_INOC_B4_C1.aif,2005,Nor,INOC,INOC_B4,INOC_B4_C1
2005_06_06_INOC_B4_C2.aif,2005,Nor,INOC,INOC_B4,INOC_B4_C2
2005_06_06_INOC_B4_C3.aif,2005,Nor,INOC,INOC_B4,INOC_B4_C3
2005_06_06_INOC_B4_C4.aif,2005,Nor,INOC,INOC_B4,INOC_B4_C4
2005_06_06_INOC_B4_C5.aif,2005,Nor,INOC,INOC_B4,INOC_B4_C5
2005_06_06_INOC_B4_C6.aif,2005,Nor,INOC,INOC_B4,INOC_B4_C6
2005_06_06_INOC_B4_C7.aif,2005,Nor,INOC,INOC_B4,INOC_B4_C7
2005_06_06_INOC_B4_C8.aif,2005,Nor,INOC,INOC_B4,INOC_B4_C8
2005_06_06_INOC_B4_C9.aif,2005,Nor,INOC,INOC_B4,INOC_B4_C9
2005_06_06_INOC_B6_C0.aif,2005,Nor,INOC,INOC_B6,INOC_B6_C0
2005_06_06_INOC_B6_C1.aif,2005,Nor,INOC,INOC_B6,INOC_B6_C1
2005_06_06_INOC_B6_C2.aif,2005,Nor,INOC,INOC_B6,INOC_B6_C2
2005_06_06_INOC_B6_C3.aif,2005,Nor,INOC,INOC_B6,INOC_B6_C3
2005_06_06_INOC_B6_C4.aif,2005,Nor,INOC,INOC_B6,INOC_B6_C4
2005_06_06_INOC_B6_C5.aif,2005,Nor,INOC,INOC_B6,INOC_B6_C5
2005_06_06_INOC_B6_C6.aif,2005,Nor,INOC,INOC_B6,INOC_B6_C6
2005_06_06_INOC_B6_C7.aif,2005,Nor,INOC,INOC_B6,INOC_B6_C7
2005_06_06_INOC_B6_C8.aif,2005,Nor,INOC,INOC_B6,INOC_B6_C8
2005_06_06_INOC_B6_C9.aif,2005,Nor,INOC,INOC_B6,INOC_B6_C9
2005_06_06_INOC_B7_C0.aif,2005,Nor,INOC,INOC_B7,INOC_B7_C0
2005_06_06_INOC_B7_C1.aif,2005,Nor,INOC,INOC_B7,INOC_B7_C1
2005_06_06_INOC_B7_C2.aif,2005,Nor,INOC,INOC_B7,INOC_B7_C2
2005_06_06_INOC_B7_C3.aif,2005,Nor,INOC,INOC_B7,INOC_B7_C3
2005_06_06_INOC_B7_C4.aif,2005,Nor,INOC,INOC_B7,INOC_B7_C4
2005_06_06_INOC_B7_C5.aif,2005,Nor,INOC,INOC_B7,INOC_B7_C5
2005_06_06_INOC_B7_C6.aif,2005,Nor,INOC,INOC_B7,INOC_B7_C6
2005_06_06_INOC_B7_C7.aif,2005,Nor,INOC,INOC_B7,INOC_B7_C7
2005_06_06_INOC_B7_C8.aif,2005,Nor,INOC,INOC_B7,INOC_B7_C8
2005_06_06_INOC_B7_C9.aif,2005,Nor,INOC,INOC_B7,INOC_B7_C9
2005_06_06_INOC_B8_C0.aif,2005,Nor,INOC,INOC_B8,INOC_B8_C0
2005_06_06_INOC_B8_C1.aif,2005,Nor,INOC,INOC_B8,INOC_B8_C1
2005_06_06_INOC_B8_C2.aif,2005,Nor,INOC,INOC_B8,INOC_B8_C2
2005_06_06_INOC_B8_C3.aif,2005,Nor,INOC,INOC_B8,INOC_B8_C3
2005_06_06_INOC_B8_C4.aif,2005,Nor,INOC,INOC_B8,INOC_B8_C4
2005_06_06_INOC_B8_C5.aif,2005,Nor,INOC,INOC_B8,INOC_B8_C5
2005_06_06_INOC_B8_C6.aif,2005,Nor,INOC,INOC_B8,INOC_B8_C6
2005_06_06_PARC_B1_C10.aif,2005,Nor,PARC,PARC_B1_,PARC_B1_C10
2005_06_06_PARC_B1_C11.aif,2005,Nor,PARC,PARC_B1_,PARC_B1_C11
2005_06_06_PARC_B1_C12.aif,2005,Nor,PARC,PARC_B1_,PARC_B1_C12
2005_06_06_PARC_B1_C13.aif,2005,Nor,PARC,PARC_B1_,PARC_B1_C13
2005_06_06_PARC_B4_C0.aif,2005,Nor,PARC,PARC_B4,PARC_B4_C0
2005_06_06_PARC_B4_C1.aif,2005,Nor,PARC,PARC_B4,PARC_B4_C1
2005_06_06_PARC_B4_C2.aif,2005,Nor,PARC,PARC_B4,PARC_B4_C2
2005_06_06_PARC_B4_C3.aif,2005,Nor,PARC,PARC_B4,PARC_B4_C3
2005_06_06_PARC_B4_C4.aif,2005,Nor,PARC,PARC_B4,PARC_B4_C4
2005_06_06_PARC_B4_C5.aif,2005,Nor,PARC,PARC_B4,PARC_B4_C5
2005_06_06_PARC_B4_C6.aif,2005,Nor,PARC,PARC_B4,PARC_B4_C6
2005_06_06_PARC_B4_C7.aif,2005,Nor,PARC,PARC_B4,PARC_B4_C7
2005_06_06_PARC_B4_C8.aif,2005,Nor,PARC,PARC_B4,PARC_B4_C8
2005_06_06_PARC_B4_C9.aif,2005,Nor,PARC,PARC_B4,PARC_B4_C9
2005_06_06_PARC_B7_C0.aif,2005,Nor,PARC,PARC_B7,PARC_B7_C0
2005_06_06_PARC_B7_C1.aif,2005,Nor,PARC,PARC_B7,PARC_B7_C1
2005_06_06_PARC_B7_C2.aif,2005,Nor,PARC,PARC_B7,PARC_B7_C2
2005_06_06_PARC_B7_C3.aif,2005,Nor,PARC,PARC_B7,PARC_B7_C3
2005_06_06_PARC_B7_C4.aif,2005,Nor,PARC,PARC_B7,PARC_B7_C4
2005_06_06_PARC_B7_C5.aif,2005,Nor,PARC,PARC_B7,PARC_B7_C5
2005_06_06_PARC_B7_C6.aif,2005,Nor,PARC,PARC_B7,PARC_B7_C6
2005_06_06_PARC_B7_C7.aif,2005,Nor,PARC,PARC_B7,PARC_B7_C7
2005_06_06_PARC_B7_C8.aif,2005,Nor,PARC,PARC_B7,PARC_B7_C8
2005_06_06_PARC_B7_C9.aif,2005,Nor,PARC,PARC_B7,PARC_B7_C9
2005_06_08_PARC_B01_C0.aif,2005,Nor,PARC,PARC_B0,PARC_B01_C0
2005_06_08_PARC_B01_C1.aif,2005,Nor,PARC,PARC_B0,PARC_B01_C1
2005_06_08_PARC_B01_C2.aif,2005,Nor,PARC,PARC_B0,PARC_B01_C2
2005_06_08_PARC_B01_C3.aif,2005,Nor,PARC,PARC_B0,PARC_B01_C3
2005_06_08_PARC_B01_C4.aif,2005,Nor,PARC,PARC_B0,PARC_B01_C4
2005_06_08_PARC_B01_C5.aif,2005,Nor,PARC,PARC_B0,PARC_B01_C5
2005_06_08_PARC_B01_C6.aif,2005,Nor,PARC,PARC_B0,PARC_B01_C6
2005_06_08_PARC_B01_C7.aif,2005,Nor,PARC,PARC_B0,PARC_B01_C7
2005_06_08_PARC_B01_C8.aif,2005,Nor,PARC,PARC_B0,PARC_B01_C8
2005_06_08_PARC_B01_C9.aif,2005,Nor,PARC,PARC_B0,PARC_B01_C9
2005_06_08_PARC_B02_C1.aif,2005,Nor,PARC,PARC_B0,PARC_B02_C1
2005_06_08_PARC_B02_C2.aif,2005,Nor,PARC,PARC_B0,PARC_B02_C2
2005_06_08_PARC_B02_C3.aif,2005,Nor,PARC,PARC_B0,PARC_B02_C3
2005_06_08_PARC_B02_C4.aif,2005,Nor,PARC,PARC_B0,PARC_B02_C4
2005_06_08_PARC_B02_C5.aif,2005,Nor,PARC,PARC_B0,PARC_B02_C5
2005_06_09_PEBL_B1_C0.aif,2005,Nor,PEBL,PEBL_B1,PEBL_B1_C0
2005_06_09_PEBL_B1_C1.aif,2005,Nor,PEBL,PEBL_B1,PEBL_B1_C1
2005_06_09_PEBL_B1_C2.aif,2005,Nor,PEBL,PEBL_B1,PEBL_B1_C2
2005_06_09_PEBL_B1_C3.aif,2005,Nor,PEBL,PEBL_B1,PEBL_B1_C3
2005_06_09_PEBL_B1_C4.aif,2005,Nor,PEBL,PEBL_B1,PEBL_B1_C4
2005_06_09_PEBL_B1_C5.aif,2005,Nor,PEBL,PEBL_B1,PEBL_B1_C5
2005_06_09_PEBL_B1_C6.aif,2005,Nor,PEBL,PEBL_B1,PEBL_B1_C6
2005_06_09_PEBL_B1_C7.aif,2005,Nor,PEBL,PEBL_B1,PEBL_B1_C7
2005_06_09_PEBL_B1_C8.aif,2005,Nor,PEBL,PEBL_B1,PEBL_B1_C8
2005_06_09_PEBL_B1_C9.aif,2005,Nor,PEBL,PEBL_B1,PEBL_B1_C9
2005_06_12_LATR_B1_C0.aif,2005,Nor,LATR,LATR_B1,LATR_B1_C0
2005_06_12_LATR_B1_C1.aif,2005,Nor,LATR,LATR_B1,LATR_B1_C1
2005_06_12_LATR_B1_C2.aif,2005,Nor,LATR,LATR_B1,LATR_B1_C2
2005_06_12_LATR_B1_C3.aif,2005,Nor,LATR,LATR_B1,LATR_B1_C3
2005_06_12_LATR_B1_C4.aif,2005,Nor,LATR,LATR_B1,LATR_B1_C4
2005_06_12_LATR_B1_C5.aif,2005,Nor,LATR,LATR_B1,LATR_B1_C5
2005_06_12_LATR_B1_C6.aif,2005,Nor,LATR,LATR_B1,LATR_B1_C6
2005_06_12_LATR_B1_C7.aif,2005,Nor,LATR,LATR_B1,LATR_B1_C7
2005_06_12_LATR_B1_C8.aif,2005,Nor,LATR,LATR_B1,LATR_B1_C8
2005_06_12_LATR_B1_C9.aif,2005,Nor,LATR,LATR_B1,LATR_B1_C9
2005_06_12_LATR_B2_C0.aif,2005,Nor,LATR,LATR_B2,LATR_B2_C0
2005_06_12_LATR_B2_C1.aif,2005,Nor,LATR,LATR_B2,LATR_B2_C1
2005_06_12_LATR_B2_C2.aif,2005,Nor,LATR,LATR_B2,LATR_B2_C2
2005_06_12_LATR_B2_C3.aif,2005,Nor,LATR,LATR_B2,LATR_B2_C3
2005_06_12_LATR_B2_C4.aif,2005,Nor,LATR,LATR_B2,LATR_B2_C4
2005_06_12_LATR_B2_C5.aif,2005,Nor,LATR,LATR_B2,LATR_B2_C5
2005_06_12_LATR_B2_C6.aif,2005,Nor,LATR,LATR_B2,LATR_B2_C6
2005_06_12_LATR_B2_C7.aif,2005,Nor,LATR,LATR_B2,LATR_B2_C7
2005_06_12_LATR_B2_C8.aif,2005,Nor,LATR,LATR_B2,LATR_B2_C8
2005_06_12_LATR_B3_C0.aif,2005,Nor,LATR,LATR_B3,LATR_B3_C0
2005_06_12_LATR_B3_C1.aif,2005,Nor,LATR,LATR_B3,LATR_B3_C1
2005_06_12_LATR_B3_C2.aif,2005,Nor,LATR,LATR_B3,LATR_B3_C2
2005_06_12_LATR_B3_C3.aif,2005,Nor,LATR,LATR_B3,LATR_B3_C3
2005_06_12_LATR_B3_C4.aif,2005,Nor,LATR,LATR_B3,LATR_B3_C4
2005_06_12_LATR_B3_C5.aif,2005,Nor,LATR,LATR_B3,LATR_B3_C5
2005_06_12_LATR_B3_C6.aif,2005,Nor,LATR,LATR_B3,LATR_B3_C6
2005_06_12_LATR_B3_C7.aif,2005,Nor,LATR,LATR_B3,LATR_B3_C7
2005_06_12_LATR_B3_C8.aif,2005,Nor,LATR,LATR_B3,LATR_B3_C8
2005_06_12_LATR_B3_C9.aif,2005,Nor,LATR,LATR_B3,LATR_B3_C9
2005_06_12_LATR_B4_C0.aif,2005,Nor,LATR,LATR_B4,LATR_B4_C0
2005_06_12_LATR_B4_C1.aif,2005,Nor,LATR,LATR_B4,LATR_B4_C1
2005_06_12_LATR_B4_C2.aif,2005,Nor,LATR,LATR_B4,LATR_B4_C2
2005_06_12_LATR_B4_C3.aif,2005,Nor,LATR,LATR_B4,LATR_B4_C3
2005_06_12_LATR_B4_C4.aif,2005,Nor,LATR,LATR_B4,LATR_B4_C4
2005_06_12_LATR_B4_C5.aif,2005,Nor,LATR,LATR_B4,LATR_B4_C5
2005_06_12_LATR_B4_C6.aif,2005,Nor,LATR,LATR_B4,LATR_B4_C6
2005_06_12_LATR_B4_C7.aif,2005,Nor,LATR,LATR_B4,LATR_B4_C7
2005_06_12_LATR_B4_C8.aif,2005,Nor,LATR,LATR_B4,LATR_B4_C8
2005_06_12_LATR_B4_C9.aif,2005,Nor,LATR,LATR_B4,LATR_B4_C9
2005_06_12_LATR_B5_C0.aif,2005,Nor,LATR,LATR_B5,LATR_B5_C0
2005_06_12_LATR_B5_C1.aif,2005,Nor,LATR,LATR_B5,LATR_B5_C1
2005_06_12_LATR_B5_C2.aif,2005,Nor,LATR,LATR_B5,LATR_B5_C2
2005_06_12_LATR_B5_C3.aif,2005,Nor,LATR,LATR_B5,LATR_B5_C3
2005_06_12_LATR_B5_C4.aif,2005,Nor,LATR,LATR_B5,LATR_B5_C4
2005_06_12_LATR_B5_C5.aif,2005,Nor,LATR,LATR_B5,LATR_B5_C5
2005_06_12_LATR_B5_C6.aif,2005,Nor,LATR,LATR_B5,LATR_B5_C6
2005_06_12_LATR_B5_C7.aif,2005,Nor,LATR,LATR_B5,LATR_B5_C7
2005_06_12_LATR_B5_C8.aif,2005,Nor,LATR,LATR_B5,LATR_B5_C8
2005_06_12_LATR_B5_C9.aif,2005,Nor,LATR,LATR_B5,LATR_B5_C9
2005_06_12_LATR_B6_C0.aif,2005,Nor,LATR,LATR_B6,LATR_B6_C0
2005_06_12_LATR_B6_C1.aif,2005,Nor,LATR,LATR_B6,LATR_B6_C1
2005_06_12_LATR_B6_C2.aif,2005,Nor,LATR,LATR_B6,LATR_B6_C2
2005_06_12_LATR_B6_C3.aif,2005,Nor,LATR,LATR_B6,LATR_B6_C3
2005_06_12_LATR_B6_C4.aif,2005,Nor,LATR,LATR_B6,LATR_B6_C4
2005_06_12_LATR_B6_C5.aif,2005,Nor,LATR,LATR_B6,LATR_B6_C5
2005_06_12_LATR_B6_C6.aif,2005,Nor,LATR,LATR_B6,LATR_B6_C6
2005_06_12_LATR_B6_C7.aif,2005,Nor,LATR,LATR_B6,LATR_B6_C7
2005_06_12_LATR_B6_C8.aif,2005,Nor,LATR,LATR_B6,LATR_B6_C8
2005_06_12_LATR_B6_C9.aif,2005,Nor,LATR,LATR_B6,LATR_B6_C9
2005_06_12_LATR_B7_C0.aif,2005,Nor,LATR,LATR_B7,LATR_B7_C0
2005_06_12_LATR_B7_C1.aif,2005,Nor,LATR,LATR_B7,LATR_B7_C1
2005_06_12_LATR_B7_C2.aif,2005,Nor,LATR,LATR_B7,LATR_B7_C2
2005_06_12_LATR_B7_C3.aif,2005,Nor,LATR,LATR_B7,LATR_B7_C3
2005_06_12_LATR_B7_C4.aif,2005,Nor,LATR,LATR_B7,LATR_B7_C4
2005_06_17_BAJU_B1_C0.aif,2005,Sou,BAJU,BAJU_B1,BAJU_B1_C0
2005_06_17_BAJU_B1_C1.aif,2005,Sou,BAJU,BAJU_B1,BAJU_B1_C1
2005_06_17_BAJU_B1_C2.aif,2005,Sou,BAJU,BAJU_B1,BAJU_B1_C2
2005_06_17_BAJU_B1_C3.aif,2005,Sou,BAJU,BAJU_B1,BAJU_B1_C3
2005_06_17_BAJU_B1_C4.aif,2005,Sou,BAJU,BAJU_B1,BAJU_B1_C4
2005_06_17_BAJU_B1_C5.aif,2005,Sou,BAJU,BAJU_B1,BAJU_B1_C5
2005_06_17_BAJU_B1_C6.aif,2005,Sou,BAJU,BAJU_B1,BAJU_B1_C6
2005_06_17_BAJU_B1_C7.aif,2005,Sou,BAJU,BAJU_B1,BAJU_B1_C7
2005_06_17_BAJU_B1_C8.aif,2005,Sou,BAJU,BAJU_B1,BAJU_B1_C8
2005_06_17_BAJU_B1_C9.aif,2005,Sou,BAJU,BAJU_B1,BAJU_B1_C9
2005_06_17_BAJU_B2_C0.aif,2005,Sou,BAJU,BAJU_B2,BAJU_B2_C0
2005_06_17_BAJU_B2_C1.aif,2005,Sou,BAJU,BAJU_B2,BAJU_B2_C1
2005_06_17_BAJU_B2_C2.aif,2005,Sou,BAJU,BAJU_B2,BAJU_B2_C2
2005_06_17_BAJU_B2_C3.aif,2005,Sou,BAJU,BAJU_B2,BAJU_B2_C3
2005_06_17_BAJU_B2_C4.aif,2005,Sou,BAJU,BAJU_B2,BAJU_B2_C4
2005_06_17_BAJU_B2_C5.aif,2005,Sou,BAJU,BAJU_B2,BAJU_B2_C5
2005_06_17_BAJU_B2_C6.aif,2005,Sou,BAJU,BAJU_B2,BAJU_B2_C6
2005_06_17_BAJU_B2_C7.aif,2005,Sou,BAJU,BAJU_B2,BAJU_B2_C7
2005_06_17_BAJU_B2_C8.aif,2005,Sou,BAJU,BAJU_B2,BAJU_B2_C8
2005_06_17_BAJU_B2_C9.aif,2005,Sou,BAJU,BAJU_B2,BAJU_B2_C9
2005_06_17_BAJU_B3_C0.aif,2005,Sou,BAJU,BAJU_B3,BAJU_B3_C0
2005_06_17_BAJU_B3_C1.aif,2005,Sou,BAJU,BAJU_B3,BAJU_B3_C1
2005_06_17_BAJU_B3_C2.aif,2005,Sou,BAJU,BAJU_B3,BAJU_B3_C2
2005_06_17_BAJU_B3_C3.aif,2005,Sou,BAJU,BAJU_B3,BAJU_B3_C3
2005_06_17_BAJU_B3_C4.aif,2005,Sou,BAJU,BAJU_B3,BAJU_B3_C4
2005_06_17_BAJU_B3_C5.aif,2005,Sou,BAJU,BAJU_B3,BAJU_B3_C5
2005_06_17_BAJU_B3_C6.aif,2005,Sou,BAJU,BAJU_B3,BAJU_B3_C6
2005_06_17_BAJU_B3_C7.aif,2005,Sou,BAJU,BAJU_B3,BAJU_B3_C7
2005_06_17_BAJU_B3_C8.aif,2005,Sou,BAJU,BAJU_B3,BAJU_B3_C8
2005_06_17_BAJU_B3_C9.aif,2005,Sou,BAJU,BAJU_B3,BAJU_B3_C9
2005_06_17_BAJU_B4_C0.aif,2005,Sou,BAJU,BAJU_B4,BAJU_B4_C0
2005_06_17_BAJU_B4_C1.aif,2005,Sou,BAJU,BAJU_B4,BAJU_B4_C1
2005_06_17_BAJU_B4_C2.aif,2005,Sou,BAJU,BAJU_B4,BAJU_B4_C2
2005_06_17_BAJU_B4_C3.aif,2005,Sou,BAJU,BAJU_B4,BAJU_B4_C3
2005_06_17_BAJU_B4_C4.aif,2005,Sou,BAJU,BAJU_B4,BAJU_B4_C4
2005_06_17_BAJU_B4_C5.aif,2005,Sou,BAJU,BAJU_B4,BAJU_B4_C5
2005_06_17_BAJU_B4_C6.aif,2005,Sou,BAJU,BAJU_B4,BAJU_B4_C6
2005_06_17_BAJU_B4_C7.aif,2005,Sou,BAJU,BAJU_B4,BAJU_B4_C7
2005_06_17_BAJU_B4_C8.aif,2005,Sou,BAJU,BAJU_B4,BAJU_B4_C8
2005_06_17_BAJU_B4_C9.aif,2005,Sou,BAJU,BAJU_B4,BAJU_B4_C9
2005_06_17_BAJU_B5_C0.aif,2005,Sou,BAJU,BAJU_B5,BAJU_B5_C0
2005_06_17_BAJU_B5_C1.aif,2005,Sou,BAJU,BAJU_B5,BAJU_B5_C1
2005_06_17_BAJU_B5_C2.aif,2005,Sou,BAJU,BAJU_B5,BAJU_B5_C2
2005_06_17_BAJU_B5_C3.aif,2005,Sou,BAJU,BAJU_B5,BAJU_B5_C3
2005_06_17_BAJU_B5_C4.aif,2005,Sou,BAJU,BAJU_B5,BAJU_B5_C4
2005_06_17_BAJU_B5_C5.aif,2005,Sou,BAJU,BAJU_B5,BAJU_B5_C5
2005_06_17_BAJU_B5_C6.aif,2005,Sou,BAJU,BAJU_B5,BAJU_B5_C6
2005_06_17_BAJU_B5_C7.aif,2005,Sou,BAJU,BAJU_B5,BAJU_B5_C7
2005_06_17_BAJU_B5_C8.aif,2005,Sou,BAJU,BAJU_B5,BAJU_B5_C8
2005_06_17_BAJU_B5_C9.aif,2005,Sou,BAJU,BAJU_B5,BAJU_B5_C9
2005_06_17_BAJU_B6_C0.aif,2005,Sou,BAJU,BAJU_B6,BAJU_B6_C0
2005_06_17_BAJU_B6_C1.aif,2005,Sou,BAJU,BAJU_B6,BAJU_B6_C1
2005_06_17_BAJU_B6_C2.aif,2005,Sou,BAJU,BAJU_B6,BAJU_B6_C2
2005_06_17_BAJU_B6_C3.aif,2005,Sou,BAJU,BAJU_B6,BAJU_B6_C3
2005_06_17_BAJU_B6_C4.aif,2005,Sou,BAJU,BAJU_B6,BAJU_B6_C4
2005_06_17_BAJU_B6_C5.aif,2005,Sou,BAJU,BAJU_B6,BAJU_B6_C5
2005_06_17_BAJU_B6_C6.aif,2005,Sou,BAJU,BAJU_B6,BAJU_B6_C6
2005_06_17_BAJU_B6_C7.aif,2005,Sou,BAJU,BAJU_B6,BAJU_B6_C7
2005_06_17_BAJU_B6_C8.aif,2005,Sou,BAJU,BAJU_B6,BAJU_B6_C8
2005_06_17_BAJU_B6_C9.aif,2005,Sou,BAJU,BAJU_B6,BAJU_B6_C9
2005_06_17_TAGU_B1_C0.aif,2005,Sou,TAGU,TAGU_B1,TAGU_B1_C0
2005_06_17_TAGU_B1_C1.aif,2005,Sou,TAGU,TAGU_B1,TAGU_B1_C1
2005_06_17_TAGU_B1_C2.aif,2005,Sou,TAGU,TAGU_B1,TAGU_B1_C2
2005_06_17_TAGU_B1_C3.aif,2005,Sou,TAGU,TAGU_B1,TAGU_B1_C3
2005_06_17_TAGU_B1_C4.aif,2005,Sou,TAGU,TAGU_B1,TAGU_B1_C4
2005_06_17_TAGU_B1_C5.aif,2005,Sou,TAGU,TAGU_B1,TAGU_B1_C5
2005_06_17_TAGU_B1_C6.aif,2005,Sou,TAGU,TAGU_B1,TAGU_B1_C6
2005_06_17_TAGU_B1_C7.aif,2005,Sou,TAGU,TAGU_B1,TAGU_B1_C7
2005_06_17_TAGU_B1_C8.aif,2005,Sou,TAGU,TAGU_B1,TAGU_B1_C8
2005_06_17_TAGU_B1_C9.aif,2005,Sou,TAGU,TAGU_B1,TAGU_B1_C9
2005_06_17_TAGU_B2_C0.aif,2005,Sou,TAGU,TAGU_B2,TAGU_B2_C0
2005_06_17_TAGU_B2_C1.aif,2005,Sou,TAGU,TAGU_B2,TAGU_B2_C1
2005_06_17_TAGU_B2_C2.aif,2005,Sou,TAGU,TAGU_B2,TAGU_B2_C2
2005_06_17_TAGU_B2_C3.aif,2005,Sou,TAGU,TAGU_B2,TAGU_B2_C3
2005_06_17_TAGU_B2_C4.aif,2005,Sou,TAGU,TAGU_B2,TAGU_B2_C4
2005_06_17_TAGU_B2_C5.aif,2005,Sou,TAGU,TAGU_B2,TAGU_B2_C5
2005_06_17_TAGU_B3_C0.aif,2005,Sou,TAGU,TAGU_B3,TAGU_B3_C0
2005_06_17_TAGU_B3_C1.aif,2005,Sou,TAGU,TAGU_B3,TAGU_B3_C1
2005_06_17_TAGU_B3_C2.aif,2005,Sou,TAGU,TAGU_B3,TAGU_B3_C2
2005_06_17_TAGU_B3_C3.aif,2005,Sou,TAGU,TAGU_B3,TAGU_B3_C3
2005_06_17_TAGU_B3_C4.aif,2005,Sou,TAGU,TAGU_B3,TAGU_B3_C4
2005_06_17_TAGU_B3_C5.aif,2005,Sou,TAGU,TAGU_B3,TAGU_B3_C5
2005_06_17_TAGU_B3_C6.aif,2005,Sou,TAGU,TAGU_B3,TAGU_B3_C6
2005_06_17_TAGU_B3_C7.aif,2005,Sou,TAGU,TAGU_B3,TAGU_B3_C7
2005_06_17_TAGU_B3_C8.aif,2005,Sou,TAGU,TAGU_B3,TAGU_B3_C8
2005_06_17_TAGU_B3_C9.aif,2005,Sou,TAGU,TAGU_B3,TAGU_B3_C9
2005_06_17_TAGU_B4_C0.aif,2005,Sou,TAGU,TAGU_B4,TAGU_B4_C0
2005_06_17_TAGU_B4_C1.aif,2005,Sou,TAGU,TAGU_B4,TAGU_B4_C1
2005_06_17_TAGU_B4_C2.aif,2005,Sou,TAGU,TAGU_B4,TAGU_B4_C2
2005_06_17_TAGU_B4_C3.aif,2005,Sou,TAGU,TAGU_B4,TAGU_B4_C3
2005_06_17_TAGU_B4_C4.aif,2005,Sou,TAGU,TAGU_B4,TAGU_B4_C4
2005_06_17_TAGU_B4_C5.aif,2005,Sou,TAGU,TAGU_B4,TAGU_B4_C5
2005_06_17_TAGU_B4_C6.aif,2005,Sou,TAGU,TAGU_B4,TAGU_B4_C6
2005_06_17_TAGU_B4_C7.aif,2005,Sou,TAGU,TAGU_B4,TAGU_B4_C7
2005_06_17_TAGU_B4_C8.aif,2005,Sou,TAGU,TAGU_B4,TAGU_B4_C8
2005_06_17_TAGU_B4_C9.aif,2005,Sou,TAGU,TAGU_B4,TAGU_B4_C9
2005_06_17_TAGU_B5_C0.aif,2005,Sou,TAGU,TAGU_B5,TAGU_B5_C0
2005_06_17_TAGU_B5_C1.aif,2005,Sou,TAGU,TAGU_B5,TAGU_B5_C1
2005_06_17_TAGU_B5_C2.aif,2005,Sou,TAGU,TAGU_B5,TAGU_B5_C2
2005_06_17_TAGU_B5_C3.aif,2005,Sou,TAGU,TAGU_B5,TAGU_B5_C3
2005_06_17_TAGU_B5_C4.aif,2005,Sou,TAGU,TAGU_B5,TAGU_B5_C4
2005_06_17_TAGU_B5_C5.aif,2005,Sou,TAGU,TAGU_B5,TAGU_B5_C5
2005_06_17_TAGU_B5_C6.aif,2005,Sou,TAGU,TAGU_B5,TAGU_B5_C6
2005_06_17_TAGU_B5_C7.aif,2005,Sou,TAGU,TAGU_B5,TAGU_B5_C7
2005_06_17_TAGU_B5_C8.aif,2005,Sou,TAGU,TAGU_B5,TAGU_B5_C8
2005_06_17_TAGU_B5_C9.aif,2005,Sou,TAGU,TAGU_B5,TAGU_B5_C9
2005_06_17_TAGU_B6_C0.aif,2005,Sou,TAGU,TAGU_B6,TAGU_B6_C0
2005_06_17_TAGU_B6_C1.aif,2005,Sou,TAGU,TAGU_B6,TAGU_B6_C1
2005_06_17_TAGU_B6_C2.aif,2005,Sou,TAGU,TAGU_B6,TAGU_B6_C2
2005_06_17_TAGU_B6_C3.aif,2005,Sou,TAGU,TAGU_B6,TAGU_B6_C3
2005_06_17_TAGU_B6_C4.aif,2005,Sou,TAGU,TAGU_B6,TAGU_B6_C4
2005_06_17_TAGU_B6_C5.aif,2005,Sou,TAGU,TAGU_B6,TAGU_B6_C5
2005_06_17_TAGU_B6_C6.aif,2005,Sou,TAGU,TAGU_B6,TAGU_B6_C6
2005_06_17_TAGU_B6_C7.aif,2005,Sou,TAGU,TAGU_B6,TAGU_B6_C7
2005_06_17_TAGU_B6_C8.aif,2005,Sou,TAGU,TAGU_B6,TAGU_B6_C8
2005_06_17_TAGU_B6_C9.aif,2005,Sou,TAGU,TAGU_B6,TAGU_B6_C9
2005_06_17_TAGU_B7_C0.aif,2005,Sou,TAGU,TAGU_B7,TAGU_B7_C0
2005_06_17_TAGU_B7_C1.aif,2005,Sou,TAGU,TAGU_B7,TAGU_B7_C1
2005_06_17_TAGU_B7_C2.aif,2005,Sou,TAGU,TAGU_B7,TAGU_B7_C2
2005_06_17_TAGU_B7_C3.aif,2005,Sou,TAGU,TAGU_B7,TAGU_B7_C3
2005_06_17_TAGU_B7_C4.aif,2005,Sou,TAGU,TAGU_B7,TAGU_B7_C4
2005_06_17_TAGU_B7_C5.aif,2005,Sou,TAGU,TAGU_B7,TAGU_B7_C5
2005_06_17_TAGU_B7_C6.aif,2005,Sou,TAGU,TAGU_B7,TAGU_B7_C6
2005_06_17_TAGU_B7_C7.aif,2005,Sou,TAGU,TAGU_B7,TAGU_B7_C7
2005_06_17_TAGU_B7_C8.aif,2005,Sou,TAGU,TAGU_B7,TAGU_B7_C8
2005_06_17_TAGU_B7_C9.aif,2005,Sou,TAGU,TAGU_B7,TAGU_B7_C9
2005_06_17_TIVI_B1_C0.aif,2005,Sou,TIVI,TIVI_B1,TIVI_B1_C0
2005_06_17_TIVI_B1_C1.aif,2005,Sou,TIVI,TIVI_B1,TIVI_B1_C1
2005_06_17_TIVI_B1_C2.aif,2005,Sou,TIVI,TIVI_B1,TIVI_B1_C2
2005_06_17_TIVI_B1_C3.aif,2005,Sou,TIVI,TIVI_B1,TIVI_B1_C3
2005_06_17_TIVI_B1_C4.aif,2005,Sou,TIVI,TIVI_B1,TIVI_B1_C4
2005_06_17_TIVI_B1_C5.aif,2005,Sou,TIVI,TIVI_B1,TIVI_B1_C5
2005_06_17_TIVI_B1_C6.aif,2005,Sou,TIVI,TIVI_B1,TIVI_B1_C6
2005_06_17_TIVI_B1_C7.aif,2005,Sou,TIVI,TIVI_B1,TIVI_B1_C7
2005_06_17_TIVI_B1_C8.aif,2005,Sou,TIVI,TIVI_B1,TIVI_B1_C8
2005_06_17_TIVI_B1_C9.aif,2005,Sou,TIVI,TIVI_B1,TIVI_B1_C9
2005_06_17_TIVI_B2_C0.aif,2005,Sou,TIVI,TIVI_B2,TIVI_B2_C0
2005_06_17_TIVI_B2_C1.aif,2005,Sou,TIVI,TIVI_B2,TIVI_B2_C1
2005_06_17_TIVI_B2_C2.aif,2005,Sou,TIVI,TIVI_B2,TIVI_B2_C2
2005_06_17_TIVI_B2_C3.aif,2005,Sou,TIVI,TIVI_B2,TIVI_B2_C3
2005_06_17_TIVI_B2_C4.aif,2005,Sou,TIVI,TIVI_B2,TIVI_B2_C4
2005_06_17_TIVI_B2_C5.aif,2005,Sou,TIVI,TIVI_B2,TIVI_B2_C5
2005_06_17_TIVI_B2_C6.aif,2005,Sou,TIVI,TIVI_B2,TIVI_B2_C6
2005_06_17_TIVI_B2_C7.aif,2005,Sou,TIVI,TIVI_B2,TIVI_B2_C7
2005_06_17_TIVI_B2_C8.aif,2005,Sou,TIVI,TIVI_B2,TIVI_B2_C8
2005_06_17_TIVI_B2_C9.aif,2005,Sou,TIVI,TIVI_B2,TIVI_B2_C9
2005_06_17_TIVI_B3_C0.aif,2005,Sou,TIVI,TIVI_B3,TIVI_B3_C0
2005_06_17_TIVI_B3_C1.aif,2005,Sou,TIVI,TIVI_B3,TIVI_B3_C1
2005_06_17_TIVI_B3_C2.aif,2005,Sou,TIVI,TIVI_B3,TIVI_B3_C2
2005_06_17_TIVI_B3_C3.aif,2005,Sou,TIVI,TIVI_B3,TIVI_B3_C3
2005_06_17_TIVI_B3_C4.aif,2005,Sou,TIVI,TIVI_B3,TIVI_B3_C4
2005_06_17_TIVI_B3_C5.aif,2005,Sou,TIVI,TIVI_B3,TIVI_B3_C5
2005_06_17_TIVI_B3_C6.aif,2005,Sou,TIVI,TIVI_B3,TIVI_B3_C6
2005_06_17_TIVI_B3_C7.aif,2005,Sou,TIVI,TIVI_B3,TIVI_B3_C7
2005_06_17_TIVI_B3_C8.aif,2005,Sou,TIVI,TIVI_B3,TIVI_B3_C8
2005_06_17_TIVI_B3_C9.aif,2005,Sou,TIVI,TIVI_B3,TIVI_B3_C9
2005_06_17_TIVI_B4_C0.aif,2005,Sou,TIVI,TIVI_B4,TIVI_B4_C0
2005_06_17_TIVI_B4_C1.aif,2005,Sou,TIVI,TIVI_B4,TIVI_B4_C1
2005_06_17_TIVI_B4_C2.aif,2005,Sou,TIVI,TIVI_B4,TIVI_B4_C2
2005_06_17_TIVI_B4_C3.aif,2005,Sou,TIVI,TIVI_B4,TIVI_B4_C3
2005_06_17_TIVI_B4_C4.aif,2005,Sou,TIVI,TIVI_B4,TIVI_B4_C4
2005_06_17_TIVI_B4_C5.aif,2005,Sou,TIVI,TIVI_B4,TIVI_B4_C5
2005_06_17_TIVI_B4_C6.aif,2005,Sou,TIVI,TIVI_B4,TIVI_B4_C6
2005_06_17_TIVI_B4_C7.aif,2005,Sou,TIVI,TIVI_B4,TIVI_B4_C7
2005_06_17_TIVI_B4_C8.aif,2005,Sou,TIVI,TIVI_B4,TIVI_B4_C8
2005_06_17_TIVI_B4_C9.aif,2005,Sou,TIVI,TIVI_B4,TIVI_B4_C9
2005_06_17_TIVI_B5_C0.aif,2005,Sou,TIVI,TIVI_B5,TIVI_B5_C0
2005_06_17_TIVI_B5_C1.aif,2005,Sou,TIVI,TIVI_B5,TIVI_B5_C1
2005_06_17_TIVI_B5_C2.aif,2005,Sou,TIVI,TIVI_B5,TIVI_B5_C2
2005_06_17_TIVI_B5_C3.aif,2005,Sou,TIVI,TIVI_B5,TIVI_B5_C3
2005_06_17_TIVI_B5_C4.aif,2005,Sou,TIVI,TIVI_B5,TIVI_B5_C4
2005_06_17_TIVI_B5_C5.aif,2005,Sou,TIVI,TIVI_B5,TIVI_B5_C5
2005_06_17_TIVI_B5_C6.aif,2005,Sou,TIVI,TIVI_B5,TIVI_B5_C6
2005_06_17_TIVI_B5_C7.aif,2005,Sou,TIVI,TIVI_B5,TIVI_B5_C7
2005_06_17_TIVI_B5_C8.aif,2005,Sou,TIVI,TIVI_B5,TIVI_B5_C8
2005_06_17_TIVI_B5_C9.aif,2005,Sou,TIVI,TIVI_B5,TIVI_B5_C9
2005_06_17_TIVI_B6_C0.aif,2005,Sou,TIVI,TIVI_B6,TIVI_B6_C0
2005_06_17_TIVI_B6_C1.aif,2005,Sou,TIVI,TIVI_B6,TIVI_B6_C1
2005_06_17_TIVI_B6_C2.aif,2005,Sou,TIVI,TIVI_B6,TIVI_B6_C2
2005_06_17_TIVI_B6_C3.aif,2005,Sou,TIVI,TIVI_B6,TIVI_B6_C3
2005_06_17_TIVI_B6_C4.aif,2005,Sou,TIVI,TIVI_B6,TIVI_B6_C4
2005_06_17_TIVI_B6_C5.aif,2005,Sou,TIVI,TIVI_B6,TIVI_B6_C5
2005_06_17_TIVI_B6_C6.aif,2005,Sou,TIVI,TIVI_B6,TIVI_B6_C6
2005_06_17_TIVI_B6_C7.aif,2005,Sou,TIVI,TIVI_B6,TIVI_B6_C7
2005_06_17_TIVI_B6_C8.aif,2005,Sou,TIVI,TIVI_B6,TIVI_B6_C8
2005_06_17_TIVI_B6_C9.aif,2005,Sou,TIVI,TIVI_B6,TIVI_B6_C9
2005_06_20_CORT_B1_C0.aif,2005,Sou,CORT,CORT_B1,CORT_B1_C0
2005_06_20_CORT_B1_C1.aif,2005,Sou,CORT,CORT_B1,CORT_B1_C1
2005_06_20_CORT_B1_C2.aif,2005,Sou,CORT,CORT_B1,CORT_B1_C2
2005_06_20_CORT_B1_C3.aif,2005,Sou,CORT,CORT_B1,CORT_B1_C3
2005_06_20_CORT_B1_C4.aif,2005,Sou,CORT,CORT_B1,CORT_B1_C4
2005_06_20_CORT_B1_C5.aif,2005,Sou,CORT,CORT_B1,CORT_B1_C5
2005_06_20_CORT_B1_C6.aif,2005,Sou,CORT,CORT_B1,CORT_B1_C6
2005_06_20_CORT_B1_C7.aif,2005,Sou,CORT,CORT_B1,CORT_B1_C7
2005_06_20_CORT_B1_C8.aif,2005,Sou,CORT,CORT_B1,CORT_B1_C8
2005_06_20_CORT_B1_C9.aif,2005,Sou,CORT,CORT_B1,CORT_B1_C9
2005_06_20_CORT_B2_C1.aif,2005,Sou,CORT,CORT_B2,CORT_B2_C1
2005_06_20_CORT_B2_C2.aif,2005,Sou,CORT,CORT_B2,CORT_B2_C2
2005_06_20_CORT_B2_C3.aif,2005,Sou,CORT,CORT_B2,CORT_B2_C3
2005_06_20_CORT_B2_C4.aif,2005,Sou,CORT,CORT_B2,CORT_B2_C4
2005_06_20_CORT_B2_C5.aif,2005,Sou,CORT,CORT_B2,CORT_B2_C5
2005_06_20_CORT_B2_C6.aif,2005,Sou,CORT,CORT_B2,CORT_B2_C6
2005_06_20_CORT_B2_C7.aif,2005,Sou,CORT,CORT_B2,CORT_B2_C7
2005_06_20_CORT_B2_C8.aif,2005,Sou,CORT,CORT_B2,CORT_B2_C8
2005_06_20_CORT_B2_C9.aif,2005,Sou,CORT,CORT_B2,CORT_B2_C9
2005_06_20_CORT_B3_C1.aif,2005,Sou,CORT,CORT_B3,CORT_B3_C1
2005_06_20_CORT_B3_C2.aif,2005,Sou,CORT,CORT_B3,CORT_B3_C2
2005_06_20_CORT_B3_C3.aif,2005,Sou,CORT,CORT_B3,CORT_B3_C3
2005_06_20_CORT_B3_C4.aif,2005,Sou,CORT,CORT_B3,CORT_B3_C4
2005_06_20_CORT_B3_C5.aif,2005,Sou,CORT,CORT_B3,CORT_B3_C5
2005_06_20_CORT_B3_C6.aif,2005,Sou,CORT,CORT_B3,CORT_B3_C6
2005_06_20_CORT_B3_C7.aif,2005,Sou,CORT,CORT_B3,CORT_B3_C7
2005_06_20_CORT_B3_C8.aif,2005,Sou,CORT,CORT_B3,CORT_B3_C8
2005_06_20_CORT_B4_C0.aif,2005,Sou,CORT,CORT_B4,CORT_B4_C0
2005_06_20_CORT_B4_C1.aif,2005,Sou,CORT,CORT_B4,CORT_B4_C1
2005_06_20_CORT_B4_C2.aif,2005,Sou,CORT,CORT_B4,CORT_B4_C2
2005_06_20_CORT_B4_C3.aif,2005,Sou,CORT,CORT_B4,CORT_B4_C3
2005_06_20_CORT_B4_C4.aif,2005,Sou,CORT,CORT_B4,CORT_B4_C4
2005_06_20_CORT_B4_C5.aif,2005,Sou,CORT,CORT_B4,CORT_B4_C5
2005_06_20_CORT_B4_C6.aif,2005,Sou,CORT,CORT_B4,CORT_B4_C6
2005_06_20_CORT_B4_C7.aif,2005,Sou,CORT,CORT_B4,CORT_B4_C7
2005_06_20_CORT_B4_C8.aif,2005,Sou,CORT,CORT_B4,CORT_B4_C8
2005_06_20_CORT_B4_C9.aif,2005,Sou,CORT,CORT_B4,CORT_B4_C9
2005_06_20_CORT_B5_C0.aif,2005,Sou,CORT,CORT_B5,CORT_B5_C0
2005_06_20_CORT_B5_C1.aif,2005,Sou,CORT,CORT_B5,CORT_B5_C1
2005_06_20_CORT_B5_C2.aif,2005,Sou,CORT,CORT_B5,CORT_B5_C2
2005_06_20_CORT_B5_C3.aif,2005,Sou,CORT,CORT_B5,CORT_B5_C3
2005_06_20_CORT_B5_C4.aif,2005,Sou,CORT,CORT_B5,CORT_B5_C4
2005_06_20_CORT_B5_C5.aif,2005,Sou,CORT,CORT_B5,CORT_B5_C5
2005_06_20_CORT_B5_C6.aif,2005,Sou,CORT,CORT_B5,CORT_B5_C6
2005_06_20_CORT_B5_C7.aif,2005,Sou,CORT,CORT_B5,CORT_B5_C7
2005_06_20_CORT_B5_C8.aif,2005,Sou,CORT,CORT_B5,CORT_B5_C8
2005_06_20_CORT_B5_C9.aif,2005,Sou,CORT,CORT_B5,CORT_B5_C9
2005_06_20_CORT_B6_C0.aif,2005,Sou,CORT,CORT_B6,CORT_B6_C0
2005_06_20_CORT_B6_C1.aif,2005,Sou,CORT,CORT_B6,CORT_B6_C1
2005_06_20_CORT_B6_C2.aif,2005,Sou,CORT,CORT_B6,CORT_B6_C2
2005_06_20_CORT_B6_C3.aif,2005,Sou,CORT,CORT_B6,CORT_B6_C3
2005_06_20_CORT_B6_C4.aif,2005,Sou,CORT,CORT_B6,CORT_B6_C4
2005_06_20_CORT_B6_C5.aif,2005,Sou,CORT,CORT_B6,CORT_B6_C5
2005_06_20_CORT_B6_C6.aif,2005,Sou,CORT,CORT_B6,CORT_B6_C6
2005_06_20_CORT_B6_C7.aif,2005,Sou,CORT,CORT_B6,CORT_B6_C7
2005_06_20_CORT_B6_C8.aif,2005,Sou,CORT,CORT_B6,CORT_B6_C8
2005_06_20_CORT_B6_C9.aif,2005,Sou,CORT,CORT_B6,CORT_B6_C9
2005_06_21_PALE_B1_C0.aif,2005,Sou,PALE,PALE_B1,PALE_B1_C0
2005_06_21_PALE_B1_C1.aif,2005,Sou,PALE,PALE_B1,PALE_B1_C1
2005_06_21_PALE_B1_C2.aif,2005,Sou,PALE,PALE_B1,PALE_B1_C2
2005_06_21_PALE_B1_C3.aif,2005,Sou,PALE,PALE_B1,PALE_B1_C3
2005_06_21_PALE_B1_C4.aif,2005,Sou,PALE,PALE_B1,PALE_B1_C4
2005_06_21_PALE_B1_C5.aif,2005,Sou,PALE,PALE_B1,PALE_B1_C5
2005_06_21_PALE_B1_C6.aif,2005,Sou,PALE,PALE_B1,PALE_B1_C6
2005_06_21_PALE_B1_C7.aif,2005,Sou,PALE,PALE_B1,PALE_B1_C7
2005_06_21_PALE_B1_C8.aif,2005,Sou,PALE,PALE_B1,PALE_B1_C8
2005_06_21_PALE_B1_C9.aif,2005,Sou,PALE,PALE_B1,PALE_B1_C9
2005_06_21_PALE_B2_C0.aif,2005,Sou,PALE,PALE_B2,PALE_B2_C0
2005_06_21_PALE_B2_C1.aif,2005,Sou,PALE,PALE_B2,PALE_B2_C1
2005_06_21_PALE_B2_C2.aif,2005,Sou,PALE,PALE_B2,PALE_B2_C2
2005_06_21_PALE_B2_C3.aif,2005,Sou,PALE,PALE_B2,PALE_B2_C3
2005_06_21_PALE_B2_C4.aif,2005,Sou,PALE,PALE_B2,PALE_B2_C4
2005_06_21_PALE_B2_C5.aif,2005,Sou,PALE,PALE_B2,PALE_B2_C5
2005_06_21_PALE_B2_C6.aif,2005,Sou,PALE,PALE_B2,PALE_B2_C6
2005_06_21_PALE_B2_C7.aif,2005,Sou,PALE,PALE_B2,PALE_B2_C7
2005_06_21_PALE_B2_C8.aif,2005,Sou,PALE,PALE_B2,PALE_B2_C8
2005_06_21_PALE_B2_C9.aif,2005,Sou,PALE,PALE_B2,PALE_B2_C9
2005_06_21_PALE_B3_C0.aif,2005,Sou,PALE,PALE_B3,PALE_B3_C0
2005_06_21_PALE_B3_C1.aif,2005,Sou,PALE,PALE_B3,PALE_B3_C1
2005_06_21_PALE_B3_C2.aif,2005,Sou,PALE,PALE_B3,PALE_B3_C2
2005_06_21_PALE_B3_C3.aif,2005,Sou,PALE,PALE_B3,PALE_B3_C3
2005_06_21_PALE_B3_C4.aif,2005,Sou,PALE,PALE_B3,PALE_B3_C4
2005_06_21_PALE_B3_C5.aif,2005,Sou,PALE,PALE_B3,PALE_B3_C5
2005_06_21_PALE_B3_C6.aif,2005,Sou,PALE,PALE_B3,PALE_B3_C6
2005_06_21_PALE_B3_C7.aif,2005,Sou,PALE,PALE_B3,PALE_B3_C7
2005_06_21_PALE_B3_C8.aif,2005,Sou,PALE,PALE_B3,PALE_B3_C8
2005_06_21_PALE_B3_C9.aif,2005,Sou,PALE,PALE_B3,PALE_B3_C9
2005_06_21_PALE_B4_C0.aif,2005,Sou,PALE,PALE_B4,PALE_B4_C0
2005_06_21_PALE_B4_C1.aif,2005,Sou,PALE,PALE_B4,PALE_B4_C1
2005_06_21_PALE_B4_C2.aif,2005,Sou,PALE,PALE_B4,PALE_B4_C2
2005_06_21_PALE_B4_C3.aif,2005,Sou,PALE,PALE_B4,PALE_B4_C3
2005_06_21_PALE_B4_C4.aif,2005,Sou,PALE,PALE_B4,PALE_B4_C4
2005_06_21_PALE_B4_C5.aif,2005,Sou,PALE,PALE_B4,PALE_B4_C5
2005_06_21_PALE_B4_C6.aif,2005,Sou,PALE,PALE_B4,PALE_B4_C6
2005_06_21_PALE_B4_C7.aif,2005,Sou,PALE,PALE_B4,PALE_B4_C7
2005_06_21_PALE_B4_C8.aif,2005,Sou,PALE,PALE_B4,PALE_B4_C8
2005_06_21_PALE_B5_C0.aif,2005,Sou,PALE,PALE_B5,PALE_B5_C0
2005_06_21_PALE_B5_C1.aif,2005,Sou,PALE,PALE_B5,PALE_B5_C1
2005_06_21_PALE_B5_C2.aif,2005,Sou,PALE,PALE_B5,PALE_B5_C2
2005_06_21_PALE_B5_C3.aif,2005,Sou,PALE,PALE_B5,PALE_B5_C3
2005_06_21_PALE_B5_C4.aif,2005,Sou,PALE,PALE_B5,PALE_B5_C4
2005_06_21_PALE_B5_C5.aif,2005,Sou,PALE,PALE_B5,PALE_B5_C5
2005_06_21_PALE_B5_C6.aif,2005,Sou,PALE,PALE_B5,PALE_B5_C6
2005_06_21_PALE_B5_C7.aif,2005,Sou,PALE,PALE_B5,PALE_B5_C7
2005_06_21_PALE_B5_C8.aif,2005,Sou,PALE,PALE_B5,PALE_B5_C8
2005_06_21_PALE_B5_C9.aif,2005,Sou,PALE,PALE_B5,PALE_B5_C9
2005_06_21_PALE_B6_C0.aif,2005,Sou,PALE,PALE_B6,PALE_B6_C0
2005_06_21_PALE_B6_C1.aif,2005,Sou,PALE,PALE_B6,PALE_B6_C1
2005_06_21_PALE_B6_C2.aif,2005,Sou,PALE,PALE_B6,PALE_B6_C2
2005_06_21_PALE_B6_C3.aif,2005,Sou,PALE,PALE_B6,PALE_B6_C3
2005_06_21_PALE_B6_C4.aif,2005,Sou,PALE,PALE_B6,PALE_B6_C4
2005_06_21_PALE_B6_C5.aif,2005,Sou,PALE,PALE_B6,PALE_B6_C5
2005_06_21_PALE_B6_C6.aif,2005,Sou,PALE,PALE_B6,PALE_B6_C6
2005_06_21_PALE_B6_C7.aif,2005,Sou,PALE,PALE_B6,PALE_B6_C7
2005_06_22_CURU_B1_C0.aif,2005,Sou,CURU,CURU_B1,CURU_B1_C0
2005_06_22_CURU_B1_C1.aif,2005,Sou,CURU,CURU_B1,CURU_B1_C1
2005_06_22_CURU_B1_C2.aif,2005,Sou,CURU,CURU_B1,CURU_B1_C2
2005_06_22_CURU_B1_C3.aif,2005,Sou,CURU,CURU_B1,CURU_B1_C3
2005_06_22_CURU_B1_C4.aif,2005,Sou,CURU,CURU_B1,CURU_B1_C4
2005_06_22_CURU_B1_C5.aif,2005,Sou,CURU,CURU_B1,CURU_B1_C5
2005_06_22_CURU_B1_C6.aif,2005,Sou,CURU,CURU_B1,CURU_B1_C6
2005_06_22_CURU_B1_C7.aif,2005,Sou,CURU,CURU_B1,CURU_B1_C7
2005_06_22_CURU_B1_C8.aif,2005,Sou,CURU,CURU_B1,CURU_B1_C8
2005_06_22_CURU_B1_C9.aif,2005,Sou,CURU,CURU_B1,CURU_B1_C9
2005_06_22_CURU_B2_C0.aif,2005,Sou,CURU,CURU_B2,CURU_B2_C0
2005_06_22_CURU_B2_C1.aif,2005,Sou,CURU,CURU_B2,CURU_B2_C1
2005_06_22_CURU_B2_C2.aif,2005,Sou,CURU,CURU_B2,CURU_B2_C2
2005_06_22_CURU_B2_C3.aif,2005,Sou,CURU,CURU_B2,CURU_B2_C3
2005_06_22_CURU_B2_C4.aif,2005,Sou,CURU,CURU_B2,CURU_B2_C4
2005_06_22_CURU_B2_C5.aif,2005,Sou,CURU,CURU_B2,CURU_B2_C5
2005_06_22_CURU_B2_C6.aif,2005,Sou,CURU,CURU_B2,CURU_B2_C6
2005_06_22_CURU_B2_C7.aif,2005,Sou,CURU,CURU_B2,CURU_B2_C7
2005_06_22_CURU_B2_C8.aif,2005,Sou,CURU,CURU_B2,CURU_B2_C8
2005_06_22_CURU_B2_C9.aif,2005,Sou,CURU,CURU_B2,CURU_B2_C9
2005_06_22_CURU_B3_C0.aif,2005,Sou,CURU,CURU_B3,CURU_B3_C0
2005_06_22_CURU_B3_C1.aif,2005,Sou,CURU,CURU_B3,CURU_B3_C1
2005_06_22_CURU_B3_C2.aif,2005,Sou,CURU,CURU_B3,CURU_B3_C2
2005_06_22_CURU_B3_C3.aif,2005,Sou,CURU,CURU_B3,CURU_B3_C3
2005_06_22_CURU_B3_C4.aif,2005,Sou,CURU,CURU_B3,CURU_B3_C4
2005_06_22_CURU_B3_C5.aif,2005,Sou,CURU,CURU_B3,CURU_B3_C5
2005_06_22_CURU_B3_C6.aif,2005,Sou,CURU,CURU_B3,CURU_B3_C6
2005_06_22_CURU_B3_C7.aif,2005,Sou,CURU,CURU_B3,CURU_B3_C7
2005_06_22_CURU_B3_C8.aif,2005,Sou,CURU,CURU_B3,CURU_B3_C8
2005_06_22_CURU_B3_C9.aif,2005,Sou,CURU,CURU_B3,CURU_B3_C9
2005_06_22_CURU_B4_C0.aif,2005,Sou,CURU,CURU_B4,CURU_B4_C0
2005_06_22_CURU_B4_C1.aif,2005,Sou,CURU,CURU_B4,CURU_B4_C1
2005_06_22_CURU_B4_C2.aif,2005,Sou,CURU,CURU_B4,CURU_B4_C2
2005_06_22_CURU_B4_C3.aif,2005,Sou,CURU,CURU_B4,CURU_B4_C3
2005_06_22_CURU_B4_C4.aif,2005,Sou,CURU,CURU_B4,CURU_B4_C4
2005_06_22_CURU_B4_C5.aif,2005,Sou,CURU,CURU_B4,CURU_B4_C5
2005_06_22_CURU_B4_C6.aif,2005,Sou,CURU,CURU_B4,CURU_B4_C6
2005_06_22_CURU_B4_C7.aif,2005,Sou,CURU,CURU_B4,CURU_B4_C7
2005_06_22_CURU_B4_C8.aif,2005,Sou,CURU,CURU_B4,CURU_B4_C8
2005_06_22_CURU_B4_C9.aif,2005,Sou,CURU,CURU_B4,CURU_B4_C9
2005_06_22_CURU_B5_C0.aif,2005,Sou,CURU,CURU_B5,CURU_B5_C0
2005_06_22_CURU_B5_C1.aif,2005,Sou,CURU,CURU_B5,CURU_B5_C1
2005_06_22_CURU_B5_C2.aif,2005,Sou,CURU,CURU_B5,CURU_B5_C2
2005_06_22_CURU_B5_C3.aif,2005,Sou,CURU,CURU_B5,CURU_B5_C3
2005_06_22_CURU_B5_C4.aif,2005,Sou,CURU,CURU_B5,CURU_B5_C4
2005_06_22_CURU_B5_C5.aif,2005,Sou,CURU,CURU_B5,CURU_B5_C5
2005_06_22_CURU_B5_C6.aif,2005,Sou,CURU,CURU_B5,CURU_B5_C6
2005_06_22_CURU_B5_C7.aif,2005,Sou,CURU,CURU_B5,CURU_B5_C7
2005_06_22_CURU_B5_C8.aif,2005,Sou,CURU,CURU_B5,CURU_B5_C8
2005_06_22_CURU_B5_C9.aif,2005,Sou,CURU,CURU_B5,CURU_B5_C9
2005_06_22_CURU_B6_C0.aif,2005,Sou,CURU,CURU_B6,CURU_B6_C0
2005_06_22_CURU_B6_C1.aif,2005,Sou,CURU,CURU_B6,CURU_B6_C1
2005_06_22_CURU_B6_C2.aif,2005,Sou,CURU,CURU_B6,CURU_B6_C2
2005_06_22_CURU_B6_C3.aif,2005,Sou,CURU,CURU_B6,CURU_B6_C3
2005_06_22_CURU_B6_C4.aif,2005,Sou,CURU,CURU_B6,CURU_B6_C4
2005_06_22_CURU_B6_C5.aif,2005,Sou,CURU,CURU_B6,CURU_B6_C5
2005_06_22_CURU_B6_C6.aif,2005,Sou,CURU,CURU_B6,CURU_B6_C6
2005_06_22_CURU_B6_C7.aif,2005,Sou,CURU,CURU_B6,CURU_B6_C7
2005_06_22_CURU_B6_C8.aif,2005,Sou,CURU,CURU_B6,CURU_B6_C8
2005_06_22_CURU_B6_C9.aif,2005,Sou,CURU,CURU_B6,CURU_B6_C9
2005_06_23_SAPA_B1_C0.aif,2005,Sou,SAPA,SAPA_B1,SAPA_B1_C0
2005_06_23_SAPA_B1_C1.aif,2005,Sou,SAPA,SAPA_B1,SAPA_B1_C1
2005_06_23_SAPA_B1_C2.aif,2005,Sou,SAPA,SAPA_B1,SAPA_B1_C2
2005_06_23_SAPA_B1_C3.aif,2005,Sou,SAPA,SAPA_B1,SAPA_B1_C3
2005_06_23_SAPA_B1_C4.aif,2005,Sou,SAPA,SAPA_B1,SAPA_B1_C4
2005_06_23_SAPA_B1_C5.aif,2005,Sou,SAPA,SAPA_B1,SAPA_B1_C5
2005_06_23_SAPA_B2_C0.aif,2005,Sou,SAPA,SAPA_B2,SAPA_B2_C0
2005_06_23_SAPA_B2_C1.aif,2005,Sou,SAPA,SAPA_B2,SAPA_B2_C1
2005_06_23_SAPA_B2_C2.aif,2005,Sou,SAPA,SAPA_B2,SAPA_B2_C2
2005_06_23_SAPA_B2_C3.aif,2005,Sou,SAPA,SAPA_B2,SAPA_B2_C3
2005_06_23_SAPA_B2_C4.aif,2005,Sou,SAPA,SAPA_B2,SAPA_B2_C4
2005_06_23_SAPA_B2_C5.aif,2005,Sou,SAPA,SAPA_B2,SAPA_B2_C5
2005_06_23_SAPA_B2_C6.aif,2005,Sou,SAPA,SAPA_B2,SAPA_B2_C6
2005_06_23_SAPA_B2_C7.aif,2005,Sou,SAPA,SAPA_B2,SAPA_B2_C7
2005_06_23_SAPA_B2_C8.aif,2005,Sou,SAPA,SAPA_B2,SAPA_B2_C8
2005_06_23_SAPA_B2_C9.aif,2005,Sou,SAPA,SAPA_B2,SAPA_B2_C9
2005_06_23_SAPA_B3_C0.aif,2005,Sou,SAPA,SAPA_B3,SAPA_B3_C0
2005_06_23_SAPA_B3_C1.aif,2005,Sou,SAPA,SAPA_B3,SAPA_B3_C1
2005_06_23_SAPA_B3_C2.aif,2005,Sou,SAPA,SAPA_B3,SAPA_B3_C2
2005_06_23_SAPA_B3_C3.aif,2005,Sou,SAPA,SAPA_B3,SAPA_B3_C3
2005_06_23_SAPA_B3_C4.aif,2005,Sou,SAPA,SAPA_B3,SAPA_B3_C4
2005_06_23_SAPA_B3_C5.aif,2005,Sou,SAPA,SAPA_B3,SAPA_B3_C5
2005_06_23_SAPA_B3_C6.aif,2005,Sou,SAPA,SAPA_B3,SAPA_B3_C6
2005_06_23_SAPA_B3_C7.aif,2005,Sou,SAPA,SAPA_B3,SAPA_B3_C7
2005_06_23_SAPA_B3_C8.aif,2005,Sou,SAPA,SAPA_B3,SAPA_B3_C8
2005_06_23_SAPA_B4_C0.aif,2005,Sou,SAPA,SAPA_B4,SAPA_B4_C0
2005_06_23_SAPA_B4_C1.aif,2005,Sou,SAPA,SAPA_B4,SAPA_B4_C1
2005_06_23_SAPA_B4_C2.aif,2005,Sou,SAPA,SAPA_B4,SAPA_B4_C2
2005_06_23_SAPA_B4_C3.aif,2005,Sou,SAPA,SAPA_B4,SAPA_B4_C3
2005_06_23_SAPA_B4_C4.aif,2005,Sou,SAPA,SAPA_B4,SAPA_B4_C4
2005_06_23_SAPA_B4_C5.aif,2005,Sou,SAPA,SAPA_B4,SAPA_B4_C5
2005_06_23_SAPA_B4_C6.aif,2005,Sou,SAPA,SAPA_B4,SAPA_B4_C6
2005_06_23_SAPA_B4_C7.aif,2005,Sou,SAPA,SAPA_B4,SAPA_B4_C7
2005_06_23_SAPA_B4_C8.aif,2005,Sou,SAPA,SAPA_B4,SAPA_B4_C8
2005_06_23_SAPA_B4_C9.aif,2005,Sou,SAPA,SAPA_B4,SAPA_B4_C9
2005_06_23_SAPA_B5_C0.aif,2005,Sou,SAPA,SAPA_B5,SAPA_B5_C0
2005_06_23_SAPA_B5_C1.aif,2005,Sou,SAPA,SAPA_B5,SAPA_B5_C1
2005_06_23_SAPA_B5_C2.aif,2005,Sou,SAPA,SAPA_B5,SAPA_B5_C2
2005_06_23_SAPA_B5_C3.aif,2005,Sou,SAPA,SAPA_B5,SAPA_B5_C3
2005_06_23_SAPA_B5_C4.aif,2005,Sou,SAPA,SAPA_B5,SAPA_B5_C4
2005_06_23_SAPA_B5_C5.aif,2005,Sou,SAPA,SAPA_B5,SAPA_B5_C5
2005_06_23_SAPA_B5_C6.aif,2005,Sou,SAPA,SAPA_B5,SAPA_B5_C6
2005_06_23_SAPA_B5_C7.aif,2005,Sou,SAPA,SAPA_B5,SAPA_B5_C7
2005_06_23_SAPA_B5_C8.aif,2005,Sou,SAPA,SAPA_B5,SAPA_B5_C8
2005_06_23_SAPA_B5_C9.aif,2005,Sou,SAPA,SAPA_B5,SAPA_B5_C9
2005_06_23_SAPA_B6_C0.aif,2005,Sou,SAPA,SAPA_B6,SAPA_B6_C0
2005_06_23_SAPA_B6_C1.aif,2005,Sou,SAPA,SAPA_B6,SAPA_B6_C1
2005_06_23_SAPA_B6_C2.aif,2005,Sou,SAPA,SAPA_B6,SAPA_B6_C2
2005_06_23_SAPA_B6_C3.aif,2005,Sou,SAPA,SAPA_B6,SAPA_B6_C3
2005_06_23_SAPA_B6_C4.aif,2005,Sou,SAPA,SAPA_B6,SAPA_B6_C4
2005_06_23_SAPA_B6_C5.aif,2005,Sou,SAPA,SAPA_B6,SAPA_B6_C5
2005_06_23_SAPA_B6_C6.aif,2005,Sou,SAPA,SAPA_B6,SAPA_B6_C6
2005_06_23_SAPA_B6_C7.aif,2005,Sou,SAPA,SAPA_B6,SAPA_B6_C7
2005_06_23_SAPA_B6_C8.aif,2005,Sou,SAPA,SAPA_B6,SAPA_B6_C8
2005_06_23_SAPA_B6_C9.aif,2005,Sou,SAPA,SAPA_B6,SAPA_B6_C9
2005_06_24_PLGR_B1_C0.aif,2005,Sou,PLGR,PLGR_B1,PLGR_B1_C0
2005_06_24_PLGR_B1_C1.aif,2005,Sou,PLGR,PLGR_B1,PLGR_B1_C1
2005_06_24_PLGR_B1_C2.aif,2005,Sou,PLGR,PLGR_B1,PLGR_B1_C2
2005_06_24_PLGR_B1_C3.aif,2005,Sou,PLGR,PLGR_B1,PLGR_B1_C3
2005_06_24_PLGR_B1_C4.aif,2005,Sou,PLGR,PLGR_B1,PLGR_B1_C4
2005_06_24_PLGR_B1_C5.aif,2005,Sou,PLGR,PLGR_B1,PLGR_B1_C5
2005_06_24_PLGR_B1_C6.aif,2005,Sou,PLGR,PLGR_B1,PLGR_B1_C6
2005_06_24_PLGR_B1_C7.aif,2005,Sou,PLGR,PLGR_B1,PLGR_B1_C7
2005_06_24_PLGR_B1_C8.aif,2005,Sou,PLGR,PLGR_B1,PLGR_B1_C8